-- phpMyAdmin SQL Dump
-- version 5.2.1
-- https://www.phpmyadmin.net/
--
-- Servidor: 127.0.0.1
-- Tiempo de generación: 15-03-2026 a las 02:30:07
-- Versión del servidor: 10.4.32-MariaDB
-- Versión de PHP: 8.0.30

SET SQL_MODE = "NO_AUTO_VALUE_ON_ZERO";
START TRANSACTION;
SET time_zone = "+00:00";


/*!40101 SET @OLD_CHARACTER_SET_CLIENT=@@CHARACTER_SET_CLIENT */;
/*!40101 SET @OLD_CHARACTER_SET_RESULTS=@@CHARACTER_SET_RESULTS */;
/*!40101 SET @OLD_COLLATION_CONNECTION=@@COLLATION_CONNECTION */;
/*!40101 SET NAMES utf8mb4 */;

--
-- Base de datos: `kpizzas_db`
--

-- --------------------------------------------------------

--
-- Estructura de tabla para la tabla `categoria_producto`
--

CREATE TABLE `categoria_producto` (
  `id` int(11) NOT NULL,
  `nombre` varchar(100) NOT NULL,
  `descripcion` text DEFAULT NULL
) ENGINE=InnoDB DEFAULT CHARSET=utf8mb4 COLLATE=utf8mb4_general_ci;

--
-- Volcado de datos para la tabla `categoria_producto`
--

INSERT INTO `categoria_producto` (`id`, `nombre`, `descripcion`) VALUES
(1, 'Pizza Base', NULL),
(2, 'Ingrediente', NULL),
(3, 'Bebida', NULL),
(4, 'Adicional', NULL);

-- --------------------------------------------------------

--
-- Estructura de tabla para la tabla `cliente`
--

CREATE TABLE `cliente` (
  `id` int(11) NOT NULL,
  `cedula` varchar(20) DEFAULT NULL,
  `nombre` varchar(100) DEFAULT NULL,
  `telefono` varchar(20) DEFAULT NULL,
  `direccion` text DEFAULT NULL,
  `correo` varchar(100) DEFAULT NULL,
  `fecha_registro` datetime DEFAULT current_timestamp()
) ENGINE=InnoDB DEFAULT CHARSET=utf8mb4 COLLATE=utf8mb4_general_ci;

--
-- Volcado de datos para la tabla `cliente`
--

INSERT INTO `cliente` (`id`, `cedula`, `nombre`, `telefono`, `direccion`, `correo`, `fecha_registro`) VALUES
(1, '31128745', 'jonny leon', NULL, NULL, NULL, '2026-02-16 13:05:46'),
(2, '22556699', 'LOLO', NULL, NULL, NULL, '2026-02-16 13:24:13'),
(3, NULL, 'LOLO', NULL, NULL, NULL, '2026-02-16 13:25:31'),
(4, '12968545', 'lulu', NULL, NULL, NULL, '2026-02-16 14:21:06'),
(5, '1234567899', 'miguel Leon', '0412563985', 'michelena', NULL, '2026-02-16 21:10:18'),
(6, '123', 'lili', '123', 'ss', NULL, '2026-02-16 21:10:43'),
(7, '2256984755', 'angel alvares', '0412563985', 'naguanagua', NULL, '2026-02-18 15:36:29'),
(8, '147852369', 'gabriel el oso', '04128569475', 'san diego', NULL, '2026-02-23 12:04:09'),
(9, '12356789', 'roxana', '04125698745', 'isabelica', NULL, '2026-02-25 13:34:28'),
(10, '12858969', 'miguelito', '0424456888', 'michelena', NULL, '2026-03-08 20:35:27');

-- --------------------------------------------------------

--
-- Estructura de tabla para la tabla `comanda`
--

CREATE TABLE `comanda` (
  `id` int(11) NOT NULL,
  `usuario_id` int(11) NOT NULL,
  `cliente_id` int(11) DEFAULT NULL,
  `mesa_id` int(11) DEFAULT NULL,
  `total` decimal(10,2) NOT NULL DEFAULT 0.00,
  `estado` enum('pendiente','en_preparacion','listo','entregado','cobrado','cancelado') DEFAULT 'pendiente',
  `tipo_servicio` enum('Mesa','Llevar') NOT NULL DEFAULT 'Mesa',
  `fecha_creacion` datetime DEFAULT current_timestamp(),
  `notificado` tinyint(1) DEFAULT 0,
  `editando` tinyint(1) DEFAULT 0,
  `es_anexo` tinyint(1) DEFAULT 0
) ENGINE=InnoDB DEFAULT CHARSET=utf8mb4 COLLATE=utf8mb4_general_ci;

--
-- Volcado de datos para la tabla `comanda`
--

INSERT INTO `comanda` (`id`, `usuario_id`, `cliente_id`, `mesa_id`, `total`, `estado`, `tipo_servicio`, `fecha_creacion`, `notificado`, `editando`, `es_anexo`) VALUES
(1, 2, NULL, 2, 9.40, 'cobrado', 'Mesa', '2025-08-25 15:59:14', 0, 0, 0),
(2, 2, NULL, 1, 18.40, 'cobrado', 'Mesa', '2025-08-25 16:01:33', 0, 0, 0),
(3, 2, NULL, 1, 21.40, 'cobrado', 'Mesa', '2025-08-25 16:57:23', 0, 0, 0),
(4, 2, NULL, 4, 14.30, 'cobrado', 'Mesa', '2025-11-09 16:05:54', 0, 0, 0),
(5, 2, NULL, NULL, 14.40, 'cobrado', 'Llevar', '2025-11-09 18:49:25', 0, 0, 0),
(6, 2, NULL, 4, 14.70, 'cobrado', 'Mesa', '2025-11-09 18:49:50', 0, 0, 0),
(7, 2, NULL, NULL, 5.00, 'cobrado', 'Llevar', '2025-11-09 18:55:27', 0, 0, 0),
(8, 2, NULL, NULL, 5.00, 'cobrado', 'Llevar', '2025-11-09 18:55:52', 0, 0, 0),
(9, 2, NULL, NULL, 5.40, 'cobrado', 'Llevar', '2025-11-09 18:56:47', 0, 0, 0),
(10, 2, NULL, 2, 5.40, 'cobrado', 'Mesa', '2025-11-09 18:57:57', 0, 0, 0),
(11, 2, NULL, NULL, 12.70, 'cobrado', 'Llevar', '2025-11-09 19:11:28', 0, 0, 0),
(12, 2, NULL, NULL, 12.10, 'cobrado', 'Llevar', '2025-11-09 19:39:23', 0, 0, 0),
(13, 2, NULL, 1, 4.40, 'cobrado', 'Mesa', '2025-11-09 19:50:29', 0, 0, 0),
(14, 2, NULL, 3, 33.70, 'cobrado', 'Mesa', '2025-11-09 20:27:38', 0, 0, 0),
(15, 2, NULL, NULL, 33.70, 'cobrado', 'Llevar', '2025-11-09 21:04:09', 0, 0, 0),
(16, 2, NULL, NULL, 30.10, 'cobrado', 'Llevar', '2025-11-09 21:19:07', 0, 0, 0),
(17, 2, NULL, NULL, 22.10, 'cobrado', 'Llevar', '2025-11-10 07:27:44', 0, 0, 0),
(18, 2, NULL, 4, 17.10, 'cobrado', 'Mesa', '2025-11-10 08:29:52', 0, 0, 0),
(19, 2, NULL, 1, 34.10, 'cobrado', 'Mesa', '2025-11-10 09:34:08', 0, 0, 0),
(20, 2, NULL, 2, 14.10, 'cobrado', 'Mesa', '2025-11-10 09:48:25', 0, 0, 0),
(21, 2, NULL, NULL, 20.50, 'cobrado', 'Llevar', '2025-11-10 09:48:59', 0, 0, 0),
(22, 2, NULL, 2, 15.70, 'cobrado', 'Mesa', '2025-11-10 17:05:14', 0, 0, 0),
(23, 2, NULL, NULL, 31.10, 'cobrado', 'Llevar', '2025-11-13 10:06:33', 0, 0, 0),
(24, 2, NULL, 1, 27.20, 'cobrado', 'Mesa', '2025-11-13 10:06:46', 0, 0, 0),
(25, 2, NULL, NULL, 11.00, 'cobrado', 'Llevar', '2025-11-13 10:06:52', 0, 0, 0),
(26, 2, NULL, 2, 15.70, 'cobrado', 'Mesa', '2025-11-13 10:06:58', 0, 0, 0),
(27, 2, NULL, NULL, 17.50, 'cobrado', 'Llevar', '2025-11-13 10:07:08', 0, 0, 0),
(28, 2, NULL, 3, 15.70, 'cobrado', 'Mesa', '2025-11-13 10:07:13', 0, 0, 0),
(29, 2, NULL, NULL, 12.00, 'cobrado', 'Llevar', '2025-11-13 10:07:20', 0, 0, 0),
(30, 2, NULL, NULL, 12.00, 'cobrado', 'Llevar', '2025-11-13 10:07:25', 0, 0, 0),
(31, 2, NULL, NULL, 11.60, 'cobrado', 'Llevar', '2025-11-13 12:29:55', 0, 0, 0),
(32, 2, NULL, NULL, 21.70, 'cobrado', 'Llevar', '2025-11-13 12:30:05', 0, 0, 0),
(33, 2, NULL, 4, 16.70, 'cobrado', 'Mesa', '2025-11-13 12:30:13', 0, 0, 0),
(34, 2, NULL, NULL, 12.20, 'cobrado', 'Llevar', '2025-11-13 21:21:10', 0, 0, 0),
(35, 2, NULL, NULL, 1.50, 'cobrado', 'Llevar', '2025-11-15 20:46:37', 0, 0, 0),
(36, 2, NULL, NULL, 7.60, 'cobrado', 'Llevar', '2025-11-16 17:37:38', 0, 0, 0),
(37, 2, NULL, NULL, 11.60, 'cobrado', 'Llevar', '2025-11-17 07:42:58', 0, 0, 0),
(38, 2, NULL, 2, 25.60, 'cobrado', 'Mesa', '2025-11-17 07:43:11', 0, 0, 0),
(39, 2, NULL, 2, 18.70, 'cobrado', 'Mesa', '2025-11-17 09:45:45', 0, 0, 0),
(40, 2, NULL, NULL, 9.50, 'cobrado', 'Llevar', '2025-11-17 09:46:02', 0, 0, 0),
(41, 2, NULL, NULL, 5.00, 'cobrado', 'Llevar', '2025-11-17 13:18:27', 0, 0, 0),
(42, 2, NULL, 1, 8.40, 'cobrado', 'Mesa', '2025-11-17 13:25:31', 0, 0, 0),
(43, 2, NULL, NULL, 6.00, 'cobrado', 'Llevar', '2025-11-17 13:41:13', 0, 0, 0),
(44, 2, NULL, NULL, 5.00, 'cobrado', 'Llevar', '2025-11-17 13:41:29', 0, 0, 0),
(45, 2, NULL, NULL, 7.60, 'cobrado', 'Llevar', '2025-11-17 13:58:53', 0, 0, 0),
(46, 2, NULL, NULL, 7.60, 'cobrado', 'Llevar', '2025-11-17 14:03:04', 0, 0, 0),
(47, 2, NULL, NULL, 6.00, 'cobrado', 'Llevar', '2025-11-17 15:31:13', 0, 0, 0),
(48, 2, NULL, 2, 6.00, 'cobrado', 'Mesa', '2025-11-17 18:09:51', 0, 0, 0),
(49, 2, NULL, 4, 7.40, 'cobrado', 'Mesa', '2025-11-17 18:09:58', 0, 0, 0),
(50, 2, NULL, 1, 6.00, 'cobrado', 'Mesa', '2025-11-19 18:20:40', 0, 0, 0),
(51, 2, NULL, 2, 53.70, 'cobrado', 'Mesa', '2025-11-19 19:45:52', 0, 0, 0),
(52, 2, NULL, 2, 29.40, 'cobrado', 'Mesa', '2025-11-20 07:46:11', 0, 0, 0),
(53, 2, NULL, 3, 29.70, 'cobrado', 'Mesa', '2025-11-20 08:05:35', 0, 0, 0),
(54, 2, NULL, 2, 20.20, 'cobrado', 'Mesa', '2025-11-20 08:21:22', 0, 0, 0),
(55, 2, NULL, 4, 35.50, 'cobrado', 'Mesa', '2025-11-20 08:46:39', 0, 0, 0),
(56, 2, NULL, NULL, 6.40, 'cobrado', 'Llevar', '2025-11-22 08:40:49', 0, 0, 0),
(57, 5, NULL, NULL, 11.20, 'cobrado', 'Llevar', '2025-11-23 17:43:01', 0, 0, 0),
(58, 2, NULL, NULL, 17.10, 'cobrado', 'Llevar', '2026-01-19 11:37:44', 0, 0, 0),
(59, 2, NULL, 1, 20.40, 'cobrado', 'Mesa', '2026-01-19 17:36:53', 0, 0, 0),
(60, 2, NULL, 2, 15.00, 'cobrado', 'Mesa', '2026-01-19 17:36:58', 0, 0, 0),
(61, 2, NULL, NULL, 18.70, 'cobrado', 'Llevar', '2026-01-19 17:37:11', 0, 0, 0),
(62, 2, NULL, NULL, 12.50, 'cobrado', 'Llevar', '2026-01-21 13:30:11', 0, 0, 0),
(63, 2, NULL, 1, 12.00, 'cobrado', 'Mesa', '2026-01-21 13:31:57', 0, 0, 0),
(64, 2, NULL, NULL, 7.40, 'cobrado', 'Llevar', '2026-01-21 13:55:07', 0, 0, 0),
(65, 2, NULL, NULL, 15.70, 'cobrado', 'Llevar', '2026-01-21 14:32:26', 0, 0, 0),
(66, 2, NULL, 4, 4.40, 'cobrado', 'Mesa', '2026-01-21 14:33:28', 0, 0, 0),
(67, 2, NULL, NULL, 5.00, 'cobrado', 'Llevar', '2026-01-21 14:49:46', 0, 0, 0),
(68, 2, NULL, NULL, 5.00, 'cobrado', 'Llevar', '2026-01-25 21:54:10', 0, 0, 0),
(69, 2, NULL, NULL, 7.50, 'cobrado', 'Llevar', '2026-01-25 21:54:16', 0, 0, 0),
(70, 2, NULL, NULL, 13.00, 'cobrado', 'Llevar', '2026-01-25 22:49:57', 0, 0, 0),
(71, 2, NULL, 2, 5.00, 'cobrado', 'Mesa', '2026-01-26 17:06:58', 0, 0, 0),
(72, 2, NULL, 1, 19.70, 'cobrado', 'Mesa', '2026-01-26 17:17:33', 0, 0, 0),
(73, 2, NULL, 4, 6.00, 'cobrado', 'Mesa', '2026-01-26 17:18:37', 0, 0, 0),
(74, 2, NULL, NULL, 9.70, 'cobrado', 'Llevar', '2026-01-26 17:19:52', 0, 0, 0),
(75, 2, NULL, 3, 4.40, 'cobrado', 'Mesa', '2026-01-26 17:20:03', 0, 0, 0),
(76, 2, NULL, 1, 5.00, 'cobrado', 'Mesa', '2026-01-29 22:18:08', 0, 0, 0),
(77, 2, NULL, 1, 12.70, 'cobrado', 'Mesa', '2026-01-29 22:39:18', 0, 0, 0),
(78, 2, NULL, NULL, 13.60, 'cobrado', 'Llevar', '2026-01-29 22:53:48', 0, 0, 0),
(79, 2, NULL, 2, 8.50, 'cobrado', 'Mesa', '2026-01-29 22:53:56', 0, 0, 0),
(80, 2, NULL, NULL, 5.00, 'cobrado', 'Llevar', '2026-01-29 22:56:08', 1, 0, 0),
(81, 2, NULL, 2, 4.40, 'cobrado', 'Mesa', '2026-01-29 22:56:14', 1, 0, 0),
(82, 2, NULL, NULL, 11.60, 'cobrado', 'Llevar', '2026-01-29 23:04:38', 1, 0, 0),
(83, 2, NULL, 1, 14.00, 'cobrado', 'Mesa', '2026-01-29 23:04:56', 1, 0, 0),
(84, 2, NULL, NULL, 9.00, 'cobrado', 'Llevar', '2026-01-29 23:27:50', 1, 0, 0),
(85, 2, NULL, NULL, 5.00, 'cobrado', 'Llevar', '2026-01-29 23:31:12', 1, 0, 0),
(86, 2, NULL, NULL, 5.00, 'cobrado', 'Llevar', '2026-01-29 23:35:45', 1, 0, 0),
(87, 2, NULL, NULL, 6.00, 'cobrado', 'Llevar', '2026-01-29 23:37:17', 1, 0, 0),
(88, 2, NULL, NULL, 7.70, 'cobrado', 'Llevar', '2026-01-29 23:38:50', 1, 0, 0),
(89, 2, NULL, NULL, 11.00, 'cobrado', 'Llevar', '2026-02-02 18:20:05', 1, 0, 0),
(92, 2, NULL, NULL, 32.90, 'cobrado', 'Llevar', '2026-02-03 10:53:57', 0, 0, 0),
(94, 2, NULL, NULL, 5.00, 'cobrado', 'Llevar', '2026-02-04 14:12:59', 1, 0, 0),
(95, 2, NULL, NULL, 5.00, 'cobrado', 'Llevar', '2026-02-11 14:16:26', 1, 0, 0),
(97, 2, NULL, NULL, 5.00, 'cobrado', 'Llevar', '2026-02-11 14:29:14', 1, 0, 0),
(99, 2, 2, NULL, 5.00, 'cobrado', 'Llevar', '2026-02-16 13:24:13', 1, 0, 0),
(102, 2, 4, NULL, 15.00, 'cobrado', 'Llevar', '2026-02-16 14:21:06', 1, 0, 0),
(103, 2, 1, NULL, 10.00, 'cobrado', 'Llevar', '2026-02-16 19:55:03', 1, 0, 0),
(104, 2, 1, NULL, 6.00, 'cobrado', 'Llevar', '2026-02-16 21:12:15', 1, 0, 0),
(105, 2, 2, NULL, 6.40, 'cobrado', 'Llevar', '2026-02-17 17:44:34', 1, 0, 0),
(106, 2, NULL, 1, 38.40, 'cobrado', 'Mesa', '2026-02-17 18:24:39', 1, 0, 0),
(107, 2, 2, NULL, 15.00, 'cobrado', 'Llevar', '2026-02-17 18:24:53', 1, 0, 0),
(108, 2, NULL, 2, 6.50, 'cobrado', 'Mesa', '2026-02-17 18:46:04', 1, 0, 0),
(109, 2, 1, NULL, 6.00, 'cobrado', 'Llevar', '2026-02-17 18:50:18', 1, 0, 0),
(110, 2, 1, NULL, 41.00, 'cobrado', 'Llevar', '2026-02-18 14:14:23', 1, 0, 0),
(111, 2, 7, NULL, 29.40, 'cobrado', 'Llevar', '2026-02-18 15:37:52', 1, 0, 0),
(112, 2, NULL, 3, 26.90, 'cobrado', 'Mesa', '2026-02-23 12:01:07', 1, 0, 0),
(113, 2, 8, NULL, 64.70, 'cobrado', 'Llevar', '2026-02-23 12:04:21', 1, 0, 0),
(114, 2, 8, NULL, 4.40, 'cobrado', 'Llevar', '2026-02-24 20:43:58', 0, 0, 0),
(115, 2, 9, NULL, 15.80, 'cobrado', 'Llevar', '2026-02-25 13:38:59', 1, 0, 0),
(116, 2, NULL, 1, 27.20, 'cobrado', 'Mesa', '2026-03-03 21:49:44', 1, 0, 0),
(117, 2, 2, NULL, 18.90, 'cobrado', 'Llevar', '2026-03-03 21:49:54', 1, 0, 0),
(118, 2, NULL, 2, 30.70, 'cobrado', 'Mesa', '2026-03-03 21:50:43', 1, 0, 0),
(119, 2, NULL, 3, 32.10, 'cobrado', 'Mesa', '2026-03-04 20:31:11', 1, 0, 0),
(120, 2, NULL, 4, 10.60, 'cobrado', 'Mesa', '2026-03-04 21:14:40', 1, 0, 0),
(121, 2, NULL, 2, 12.40, 'cobrado', 'Mesa', '2026-03-04 21:51:33', 1, 0, 0),
(127, 2, NULL, 6, 5.00, 'cobrado', 'Mesa', '2026-03-06 22:10:19', 1, 0, 0),
(128, 2, NULL, 1, 6.00, 'cobrado', 'Mesa', '2026-03-08 19:04:50', 1, 0, 0),
(129, 5, NULL, 3, 7.30, 'cobrado', 'Mesa', '2026-03-08 19:41:05', 0, 0, 0),
(130, 2, 4, NULL, 21.20, 'cobrado', 'Llevar', '2026-03-08 19:46:48', 1, 0, 0),
(131, 5, NULL, 1, 6.00, 'cobrado', 'Mesa', '2026-03-08 20:33:03', 0, 0, 0),
(132, 5, NULL, 2, 51.20, 'cobrado', 'Mesa', '2026-03-08 20:33:25', 0, 0, 0),
(133, 5, NULL, 4, 6.50, 'cobrado', 'Mesa', '2026-03-08 20:33:34', 0, 0, 0),
(134, 5, NULL, 4, 8.40, 'cobrado', 'Mesa', '2026-03-08 20:33:44', 0, 0, 0),
(135, 5, 1, NULL, 7.90, 'cobrado', 'Llevar', '2026-03-08 20:34:00', 0, 0, 0),
(136, 5, 8, NULL, 6.40, 'cobrado', 'Llevar', '2026-03-08 20:34:23', 0, 0, 0),
(137, 5, 4, NULL, 5.50, 'cobrado', 'Llevar', '2026-03-08 20:34:52', 0, 0, 0),
(138, 5, 10, NULL, 17.00, 'cobrado', 'Llevar', '2026-03-08 20:35:35', 0, 0, 0),
(139, 2, NULL, 1, 27.60, 'listo', 'Mesa', '2026-03-10 19:54:19', 1, 0, 0),
(140, 2, NULL, 2, 9.90, 'listo', 'Mesa', '2026-03-10 20:41:51', 1, 0, 0),
(141, 2, NULL, 4, 15.00, 'listo', 'Mesa', '2026-03-10 20:41:57', 1, 0, 0),
(142, 2, 1, NULL, 8.50, 'listo', 'Llevar', '2026-03-11 13:59:47', 1, 0, 0),
(143, 2, 9, NULL, 5.90, 'en_preparacion', 'Llevar', '2026-03-11 15:25:38', 0, 0, 0);

-- --------------------------------------------------------

--
-- Estructura de tabla para la tabla `costos`
--

CREATE TABLE `costos` (
  `id` int(11) NOT NULL,
  `producto_id` int(11) DEFAULT NULL,
  `descripcion` varchar(255) NOT NULL,
  `tipo` enum('ingrediente','operativo','mantenimiento','otros') DEFAULT 'ingrediente',
  `costo` decimal(10,2) NOT NULL,
  `fecha` date NOT NULL,
  `fecha_registro` timestamp NOT NULL DEFAULT current_timestamp()
) ENGINE=InnoDB DEFAULT CHARSET=utf8mb4 COLLATE=utf8mb4_general_ci;

-- --------------------------------------------------------

--
-- Estructura de tabla para la tabla `detalle_comanda`
--

CREATE TABLE `detalle_comanda` (
  `id` int(11) NOT NULL,
  `comanda_id` int(11) NOT NULL,
  `producto_id` int(11) NOT NULL,
  `cantidad` int(11) NOT NULL DEFAULT 1,
  `tamanio` enum('Pequena','Mediana','Familiar') NOT NULL,
  `precio_unitario` decimal(10,2) NOT NULL,
  `subtotal` decimal(10,2) GENERATED ALWAYS AS (`cantidad` * `precio_unitario`) STORED,
  `es_anexo` tinyint(1) NOT NULL DEFAULT 0
) ENGINE=InnoDB DEFAULT CHARSET=utf8mb4 COLLATE=utf8mb4_general_ci;

--
-- Volcado de datos para la tabla `detalle_comanda`
--

INSERT INTO `detalle_comanda` (`id`, `comanda_id`, `producto_id`, `cantidad`, `tamanio`, `precio_unitario`, `es_anexo`) VALUES
(1, 1, 1, 1, 'Pequena', 4.00, 0),
(2, 1, 20, 1, 'Pequena', 1.00, 0),
(3, 1, 14, 1, 'Pequena', 1.00, 0),
(4, 1, 22, 1, 'Pequena', 1.00, 0),
(5, 1, 21, 1, 'Pequena', 2.00, 0),
(6, 1, 5, 1, 'Pequena', 0.40, 0),
(7, 2, 1, 1, 'Familiar', 9.00, 0),
(8, 2, 3, 1, 'Familiar', 0.70, 0),
(9, 2, 20, 1, 'Familiar', 3.00, 0),
(10, 2, 14, 1, 'Familiar', 2.00, 0),
(11, 2, 22, 1, 'Familiar', 3.00, 0),
(12, 2, 5, 1, 'Familiar', 0.70, 0),
(13, 3, 1, 1, 'Familiar', 9.00, 0),
(14, 3, 3, 1, 'Familiar', 0.70, 0),
(15, 3, 20, 1, 'Familiar', 3.00, 0),
(16, 3, 22, 1, 'Familiar', 3.00, 0),
(17, 3, 21, 1, 'Familiar', 4.00, 0),
(18, 3, 5, 1, 'Familiar', 0.70, 0),
(19, 3, 8, 1, 'Familiar', 1.00, 0),
(20, 4, 1, 1, 'Mediana', 7.00, 0),
(21, 4, 18, 1, 'Mediana', 3.00, 0),
(22, 4, 2, 1, 'Mediana', 0.60, 0),
(23, 4, 12, 1, 'Mediana', 0.70, 0),
(24, 4, 27, 1, '', 3.00, 0),
(25, 5, 1, 1, 'Familiar', 9.00, 0),
(26, 5, 5, 1, 'Familiar', 0.70, 0),
(27, 5, 18, 1, 'Familiar', 4.00, 0),
(28, 5, 2, 1, 'Familiar', 0.70, 0),
(29, 6, 1, 1, 'Familiar', 9.00, 0),
(30, 6, 4, 1, 'Familiar', 0.70, 0),
(31, 6, 17, 1, 'Familiar', 2.00, 0),
(32, 6, 27, 1, '', 3.00, 0),
(33, 7, 1, 1, 'Pequena', 4.00, 0),
(34, 7, 15, 1, 'Pequena', 1.00, 0),
(35, 8, 1, 1, 'Pequena', 4.00, 0),
(36, 8, 20, 1, 'Pequena', 1.00, 0),
(37, 9, 1, 1, 'Pequena', 4.00, 0),
(38, 9, 3, 1, 'Pequena', 0.40, 0),
(39, 9, 20, 1, 'Pequena', 1.00, 0),
(40, 10, 1, 1, 'Pequena', 4.00, 0),
(41, 10, 3, 1, 'Pequena', 0.40, 0),
(42, 10, 20, 1, 'Pequena', 1.00, 0),
(43, 11, 1, 1, 'Familiar', 9.00, 0),
(44, 11, 3, 1, 'Familiar', 0.70, 0),
(45, 11, 20, 1, 'Familiar', 3.00, 0),
(46, 12, 1, 1, 'Mediana', 7.00, 0),
(47, 12, 3, 1, 'Mediana', 0.60, 0),
(48, 12, 14, 1, 'Mediana', 1.50, 0),
(49, 12, 18, 1, 'Mediana', 3.00, 0),
(50, 13, 1, 1, 'Pequena', 4.00, 0),
(51, 13, 3, 1, 'Pequena', 0.40, 0),
(52, 14, 1, 1, 'Pequena', 4.00, 0),
(53, 14, 20, 1, 'Pequena', 1.00, 0),
(54, 14, 22, 1, 'Pequena', 1.00, 0),
(55, 14, 5, 1, 'Pequena', 0.40, 0),
(56, 14, 1, 1, 'Mediana', 7.00, 0),
(57, 14, 20, 1, 'Mediana', 2.00, 0),
(58, 14, 22, 1, 'Mediana', 2.00, 0),
(59, 14, 5, 1, 'Mediana', 0.60, 0),
(60, 14, 18, 1, 'Mediana', 3.00, 0),
(61, 14, 1, 1, 'Familiar', 9.00, 0),
(62, 14, 14, 1, 'Familiar', 2.00, 0),
(63, 14, 5, 1, 'Familiar', 0.70, 0),
(64, 14, 8, 1, 'Familiar', 1.00, 0),
(65, 15, 1, 1, 'Pequena', 4.00, 0),
(66, 15, 20, 1, 'Pequena', 1.00, 0),
(67, 15, 22, 1, 'Pequena', 1.00, 0),
(68, 15, 5, 1, 'Pequena', 0.40, 0),
(69, 15, 1, 1, 'Mediana', 7.00, 0),
(70, 15, 20, 1, 'Mediana', 2.00, 0),
(71, 15, 22, 1, 'Mediana', 2.00, 0),
(72, 15, 5, 1, 'Mediana', 0.60, 0),
(73, 15, 1, 1, 'Familiar', 9.00, 0),
(74, 15, 20, 1, 'Familiar', 3.00, 0),
(75, 15, 22, 1, 'Familiar', 3.00, 0),
(76, 15, 5, 1, 'Familiar', 0.70, 0),
(77, 16, 1, 1, 'Mediana', 7.00, 0),
(78, 16, 20, 1, 'Mediana', 2.00, 0),
(79, 16, 5, 1, 'Mediana', 0.60, 0),
(80, 16, 1, 1, 'Familiar', 9.00, 0),
(81, 16, 20, 1, 'Familiar', 3.00, 0),
(82, 16, 22, 1, 'Familiar', 3.00, 0),
(83, 16, 24, 1, '', 2.50, 0),
(84, 16, 27, 1, '', 3.00, 0),
(85, 17, 1, 1, 'Mediana', 7.00, 0),
(86, 17, 3, 1, 'Mediana', 0.60, 0),
(87, 17, 1, 1, 'Familiar', 9.00, 0),
(88, 17, 13, 1, 'Familiar', 1.00, 0),
(89, 17, 15, 1, 'Familiar', 2.00, 0),
(90, 17, 24, 1, '', 2.50, 0),
(91, 18, 1, 1, 'Mediana', 7.00, 0),
(92, 18, 20, 1, 'Mediana', 2.00, 0),
(93, 18, 22, 1, 'Mediana', 2.00, 0),
(94, 18, 5, 1, 'Mediana', 0.60, 0),
(95, 18, 24, 1, '', 2.50, 0),
(96, 18, 27, 1, '', 3.00, 0),
(97, 19, 1, 1, 'Mediana', 7.00, 0),
(98, 19, 20, 1, 'Mediana', 2.00, 0),
(99, 19, 22, 1, 'Mediana', 2.00, 0),
(100, 19, 5, 1, 'Mediana', 0.60, 0),
(101, 19, 8, 1, 'Mediana', 0.70, 0),
(102, 19, 2, 1, 'Mediana', 0.60, 0),
(103, 19, 24, 1, '', 2.50, 0),
(104, 19, 27, 1, '', 3.00, 0),
(105, 19, 1, 1, 'Familiar', 9.00, 0),
(106, 19, 20, 1, 'Familiar', 3.00, 0),
(107, 19, 22, 1, 'Familiar', 3.00, 0),
(108, 19, 5, 1, 'Familiar', 0.70, 0),
(109, 20, 1, 1, 'Mediana', 7.00, 0),
(110, 20, 3, 1, 'Mediana', 0.60, 0),
(111, 20, 22, 1, 'Mediana', 2.00, 0),
(112, 20, 16, 1, 'Mediana', 2.00, 0),
(113, 20, 24, 1, '', 2.50, 0),
(114, 21, 1, 1, 'Familiar', 9.00, 0),
(115, 21, 22, 1, 'Familiar', 3.00, 0),
(116, 21, 21, 1, 'Familiar', 4.00, 0),
(117, 21, 8, 1, 'Familiar', 1.00, 0),
(118, 21, 11, 1, 'Familiar', 1.00, 0),
(119, 21, 24, 1, '', 2.50, 0),
(120, 22, 1, 1, 'Familiar', 9.00, 0),
(121, 22, 20, 1, 'Familiar', 3.00, 0),
(122, 22, 22, 1, 'Familiar', 3.00, 0),
(123, 22, 5, 1, 'Familiar', 0.70, 0),
(124, 23, 1, 1, 'Mediana', 7.00, 0),
(125, 23, 20, 1, 'Mediana', 2.00, 0),
(126, 23, 22, 1, 'Mediana', 2.00, 0),
(127, 23, 5, 1, 'Mediana', 0.60, 0),
(128, 23, 18, 1, 'Mediana', 3.00, 0),
(129, 23, 26, 1, '', 1.50, 0),
(130, 23, 1, 1, 'Familiar', 9.00, 0),
(131, 23, 20, 1, 'Familiar', 3.00, 0),
(132, 23, 22, 1, 'Familiar', 3.00, 0),
(133, 24, 1, 1, 'Familiar', 9.00, 0),
(134, 24, 20, 1, 'Familiar', 3.00, 0),
(135, 24, 22, 1, 'Familiar', 3.00, 0),
(136, 24, 5, 1, 'Familiar', 0.70, 0),
(137, 24, 1, 1, 'Mediana', 7.00, 0),
(138, 24, 20, 1, 'Mediana', 2.00, 0),
(139, 24, 24, 1, '', 2.50, 0),
(140, 25, 1, 1, 'Mediana', 7.00, 0),
(141, 25, 20, 1, 'Mediana', 2.00, 0),
(142, 25, 22, 1, 'Mediana', 2.00, 0),
(143, 26, 1, 1, 'Familiar', 9.00, 0),
(144, 26, 20, 1, 'Familiar', 3.00, 0),
(145, 26, 22, 1, 'Familiar', 3.00, 0),
(146, 26, 5, 1, 'Familiar', 0.70, 0),
(147, 27, 1, 1, 'Familiar', 9.00, 0),
(148, 27, 20, 1, 'Familiar', 3.00, 0),
(149, 27, 10, 1, 'Familiar', 1.00, 0),
(150, 27, 15, 1, 'Familiar', 2.00, 0),
(151, 27, 24, 1, '', 2.50, 0),
(152, 28, 1, 1, 'Familiar', 9.00, 0),
(153, 28, 20, 1, 'Familiar', 3.00, 0),
(154, 28, 22, 1, 'Familiar', 3.00, 0),
(155, 28, 5, 1, 'Familiar', 0.70, 0),
(156, 29, 1, 1, 'Familiar', 9.00, 0),
(157, 29, 20, 1, 'Familiar', 3.00, 0),
(158, 30, 1, 1, 'Familiar', 9.00, 0),
(159, 30, 20, 1, 'Familiar', 3.00, 0),
(160, 31, 1, 1, 'Mediana', 7.00, 0),
(161, 31, 20, 1, 'Mediana', 2.00, 0),
(162, 31, 22, 1, 'Mediana', 2.00, 0),
(163, 31, 5, 1, 'Mediana', 0.60, 0),
(164, 32, 1, 1, 'Familiar', 9.00, 0),
(165, 32, 20, 1, 'Familiar', 3.00, 0),
(166, 32, 22, 1, 'Familiar', 3.00, 0),
(167, 32, 21, 1, 'Familiar', 4.00, 0),
(168, 32, 5, 1, 'Familiar', 0.70, 0),
(169, 32, 16, 1, 'Familiar', 2.00, 0),
(170, 33, 1, 1, 'Familiar', 9.00, 0),
(171, 33, 20, 1, 'Familiar', 3.00, 0),
(172, 33, 21, 1, 'Familiar', 4.00, 0),
(173, 33, 5, 1, 'Familiar', 0.70, 0),
(174, 34, 1, 1, 'Mediana', 7.00, 0),
(175, 34, 20, 1, 'Mediana', 2.00, 0),
(176, 34, 22, 1, 'Mediana', 2.00, 0),
(177, 34, 5, 1, 'Mediana', 0.60, 0),
(178, 34, 2, 1, 'Mediana', 0.60, 0),
(179, 35, 26, 1, '', 1.50, 0),
(180, 36, 1, 1, 'Mediana', 7.00, 0),
(181, 36, 3, 1, 'Mediana', 0.60, 0),
(182, 37, 1, 1, 'Mediana', 7.00, 0),
(183, 37, 20, 1, 'Mediana', 2.00, 0),
(184, 37, 22, 1, 'Mediana', 2.00, 0),
(185, 37, 5, 1, 'Mediana', 0.60, 0),
(186, 38, 1, 1, 'Familiar', 9.00, 0),
(187, 38, 20, 1, 'Familiar', 3.00, 0),
(188, 38, 22, 1, 'Familiar', 3.00, 0),
(189, 38, 8, 1, 'Familiar', 1.00, 0),
(190, 38, 1, 1, 'Mediana', 7.00, 0),
(191, 38, 20, 1, 'Mediana', 2.00, 0),
(192, 38, 2, 1, 'Mediana', 0.60, 0),
(193, 39, 1, 1, 'Familiar', 9.00, 0),
(194, 39, 22, 1, 'Familiar', 3.00, 0),
(195, 39, 2, 1, 'Familiar', 0.70, 0),
(196, 39, 12, 1, 'Familiar', 1.00, 0),
(197, 39, 10, 1, 'Familiar', 1.00, 0),
(198, 39, 26, 1, '', 1.50, 0),
(199, 39, 24, 1, '', 2.50, 0),
(200, 40, 1, 1, 'Pequena', 4.00, 0),
(201, 40, 20, 1, 'Pequena', 1.00, 0),
(202, 40, 17, 1, 'Pequena', 1.00, 0),
(203, 40, 13, 1, 'Pequena', 0.50, 0),
(204, 40, 27, 1, '', 3.00, 0),
(205, 41, 1, 1, 'Pequena', 4.00, 0),
(206, 41, 20, 1, 'Pequena', 1.00, 0),
(207, 42, 1, 1, 'Pequena', 4.00, 0),
(208, 42, 4, 1, 'Pequena', 0.40, 0),
(209, 42, 17, 1, 'Pequena', 1.00, 0),
(210, 42, 27, 1, '', 3.00, 0),
(211, 43, 1, 1, 'Pequena', 4.00, 0),
(212, 43, 18, 1, 'Pequena', 2.00, 0),
(213, 44, 1, 1, 'Pequena', 4.00, 0),
(214, 44, 22, 1, 'Pequena', 1.00, 0),
(215, 45, 1, 1, 'Mediana', 7.00, 0),
(216, 45, 3, 1, 'Mediana', 0.60, 0),
(217, 46, 1, 1, 'Mediana', 7.00, 0),
(218, 46, 3, 1, 'Mediana', 0.60, 0),
(219, 47, 1, 1, 'Pequena', 4.00, 0),
(220, 47, 20, 1, 'Pequena', 1.00, 0),
(221, 47, 22, 1, 'Pequena', 1.00, 0),
(222, 48, 1, 1, 'Pequena', 4.00, 0),
(223, 48, 20, 1, 'Pequena', 1.00, 0),
(224, 48, 22, 1, 'Pequena', 1.00, 0),
(225, 49, 1, 1, 'Pequena', 4.00, 0),
(226, 49, 20, 1, 'Pequena', 1.00, 0),
(227, 49, 5, 1, 'Pequena', 0.40, 0),
(228, 49, 18, 1, 'Pequena', 2.00, 0),
(229, 50, 1, 1, 'Pequena', 4.00, 0),
(230, 50, 20, 1, 'Pequena', 1.00, 0),
(231, 50, 22, 1, 'Pequena', 1.00, 0),
(232, 51, 1, 1, 'Familiar', 9.00, 0),
(233, 51, 3, 1, 'Familiar', 0.70, 0),
(234, 51, 20, 1, 'Familiar', 3.00, 0),
(235, 51, 14, 1, 'Familiar', 2.00, 0),
(236, 51, 22, 1, 'Familiar', 3.00, 0),
(237, 51, 21, 1, 'Familiar', 4.00, 0),
(238, 51, 5, 1, 'Familiar', 0.70, 0),
(239, 51, 8, 1, 'Familiar', 1.00, 0),
(240, 51, 18, 1, 'Familiar', 4.00, 0),
(241, 51, 11, 1, 'Familiar', 1.00, 0),
(242, 51, 2, 1, 'Familiar', 0.70, 0),
(243, 51, 19, 1, 'Familiar', 3.00, 0),
(244, 51, 12, 1, 'Familiar', 1.00, 0),
(245, 51, 10, 1, 'Familiar', 1.00, 0),
(246, 51, 4, 1, 'Familiar', 0.70, 0),
(247, 51, 9, 1, 'Familiar', 1.00, 0),
(248, 51, 17, 1, 'Familiar', 2.00, 0),
(249, 51, 7, 1, 'Familiar', 0.70, 0),
(250, 51, 13, 1, 'Familiar', 1.00, 0),
(251, 51, 16, 1, 'Familiar', 2.00, 0),
(252, 51, 15, 1, 'Familiar', 2.00, 0),
(253, 51, 6, 1, 'Familiar', 0.70, 0),
(254, 51, 26, 1, '', 1.50, 0),
(255, 51, 24, 1, '', 2.50, 0),
(256, 51, 25, 1, '', 2.50, 0),
(257, 51, 27, 1, '', 3.00, 0),
(258, 52, 1, 1, 'Familiar', 9.00, 0),
(259, 52, 18, 1, 'Familiar', 4.00, 0),
(260, 52, 2, 1, 'Familiar', 0.70, 0),
(261, 52, 19, 1, 'Familiar', 3.00, 0),
(262, 52, 9, 1, 'Familiar', 1.00, 0),
(263, 52, 24, 1, '', 2.50, 0),
(264, 52, 1, 1, 'Mediana', 7.00, 0),
(265, 52, 14, 1, 'Mediana', 1.50, 0),
(266, 52, 11, 1, 'Mediana', 0.70, 0),
(267, 53, 1, 1, 'Mediana', 7.00, 0),
(268, 53, 20, 1, 'Mediana', 2.00, 0),
(269, 53, 22, 1, 'Mediana', 2.00, 0),
(270, 53, 8, 1, 'Mediana', 0.70, 0),
(271, 53, 1, 1, 'Familiar', 9.00, 0),
(272, 53, 20, 1, 'Familiar', 3.00, 0),
(273, 53, 11, 1, 'Familiar', 1.00, 0),
(274, 53, 9, 1, 'Familiar', 1.00, 0),
(275, 53, 26, 1, '', 1.50, 0),
(276, 53, 24, 1, '', 2.50, 0),
(277, 54, 1, 1, 'Familiar', 9.00, 0),
(278, 54, 20, 1, 'Familiar', 3.00, 0),
(279, 54, 22, 1, 'Familiar', 3.00, 0),
(280, 54, 11, 1, 'Familiar', 1.00, 0),
(281, 54, 12, 1, 'Familiar', 1.00, 0),
(282, 54, 4, 1, 'Familiar', 0.70, 0),
(283, 54, 24, 1, '', 2.50, 0),
(284, 55, 1, 1, 'Mediana', 7.00, 0),
(285, 55, 20, 1, 'Mediana', 2.00, 0),
(286, 55, 4, 1, 'Mediana', 0.60, 0),
(287, 55, 17, 1, 'Mediana', 1.50, 0),
(288, 55, 13, 1, 'Mediana', 0.70, 0),
(289, 55, 1, 1, 'Familiar', 9.00, 0),
(290, 55, 21, 1, 'Familiar', 4.00, 0),
(291, 55, 18, 1, 'Familiar', 4.00, 0),
(292, 55, 10, 1, 'Familiar', 1.00, 0),
(293, 55, 6, 1, 'Familiar', 0.70, 0),
(294, 55, 24, 1, '', 2.50, 0),
(295, 55, 25, 1, '', 2.50, 0),
(296, 56, 1, 1, 'Pequena', 4.00, 0),
(297, 56, 5, 1, 'Pequena', 0.40, 0),
(298, 56, 18, 1, 'Pequena', 2.00, 0),
(299, 57, 1, 1, 'Pequena', 4.00, 0),
(300, 57, 5, 1, 'Pequena', 0.40, 0),
(301, 57, 2, 1, 'Pequena', 0.40, 0),
(302, 57, 12, 1, 'Pequena', 0.50, 0),
(303, 57, 4, 1, 'Pequena', 0.40, 0),
(304, 57, 24, 1, '', 2.50, 0),
(305, 57, 27, 1, '', 3.00, 0),
(306, 58, 1, 1, 'Mediana', 7.00, 0),
(307, 58, 20, 1, 'Mediana', 2.00, 0),
(308, 58, 22, 1, 'Mediana', 2.00, 0),
(309, 58, 5, 1, 'Mediana', 0.60, 0),
(310, 58, 24, 1, '', 2.50, 0),
(311, 58, 27, 1, '', 3.00, 0),
(312, 59, 1, 1, 'Pequena', 4.00, 0),
(313, 59, 20, 1, 'Pequena', 1.00, 0),
(314, 59, 22, 1, 'Pequena', 1.00, 0),
(315, 59, 5, 1, 'Pequena', 0.40, 0),
(316, 59, 18, 1, 'Pequena', 2.00, 0),
(317, 59, 1, 1, 'Familiar', 9.00, 0),
(318, 59, 22, 1, 'Familiar', 3.00, 0),
(319, 60, 1, 1, 'Familiar', 9.00, 0),
(320, 60, 20, 1, 'Familiar', 3.00, 0),
(321, 60, 22, 1, 'Familiar', 3.00, 0),
(322, 61, 1, 1, 'Familiar', 9.00, 0),
(323, 61, 20, 1, 'Familiar', 3.00, 0),
(324, 61, 18, 1, 'Familiar', 4.00, 0),
(325, 61, 2, 1, 'Familiar', 0.70, 0),
(326, 61, 15, 1, 'Familiar', 2.00, 0),
(327, 62, 1, 1, 'Pequena', 4.00, 0),
(328, 62, 13, 1, 'Pequena', 0.50, 0),
(329, 62, 16, 1, 'Pequena', 1.50, 0),
(330, 62, 15, 1, 'Pequena', 1.00, 0),
(331, 62, 24, 1, '', 2.50, 0),
(332, 62, 27, 1, '', 3.00, 0),
(333, 63, 1, 1, 'Familiar', 9.00, 0),
(334, 63, 20, 1, 'Familiar', 3.00, 0),
(335, 64, 1, 1, 'Pequena', 4.00, 0),
(336, 64, 22, 1, 'Pequena', 1.00, 0),
(337, 64, 21, 1, 'Pequena', 2.00, 0),
(338, 64, 2, 1, 'Pequena', 0.40, 0),
(339, 65, 1, 1, 'Mediana', 7.00, 0),
(340, 65, 22, 1, 'Mediana', 2.00, 0),
(341, 65, 19, 1, 'Mediana', 2.00, 0),
(342, 65, 9, 1, 'Mediana', 0.70, 0),
(343, 65, 17, 1, 'Mediana', 1.50, 0),
(344, 65, 24, 1, '', 2.50, 0),
(345, 66, 1, 1, 'Pequena', 4.00, 0),
(346, 66, 2, 1, 'Pequena', 0.40, 0),
(347, 67, 1, 1, 'Pequena', 4.00, 0),
(348, 67, 22, 1, 'Pequena', 1.00, 0),
(349, 68, 1, 1, 'Pequena', 4.00, 0),
(350, 68, 8, 1, 'Pequena', 0.50, 0),
(351, 68, 10, 1, 'Pequena', 0.50, 0),
(352, 69, 1, 1, 'Pequena', 4.00, 0),
(353, 69, 22, 1, 'Pequena', 1.00, 0),
(354, 69, 18, 1, 'Pequena', 2.00, 0),
(355, 69, 12, 1, 'Pequena', 0.50, 0),
(356, 70, 1, 1, 'Familiar', 9.00, 0),
(357, 70, 18, 1, 'Familiar', 4.00, 0),
(358, 71, 1, 1, 'Pequena', 4.00, 0),
(359, 71, 17, 1, 'Pequena', 1.00, 0),
(360, 72, 1, 1, 'Familiar', 9.00, 0),
(361, 72, 20, 1, 'Familiar', 3.00, 0),
(362, 72, 18, 1, 'Familiar', 4.00, 0),
(363, 72, 19, 1, 'Familiar', 3.00, 0),
(364, 72, 4, 1, 'Familiar', 0.70, 0),
(365, 73, 1, 1, 'Pequena', 4.00, 0),
(366, 73, 18, 1, 'Pequena', 2.00, 0),
(367, 74, 1, 1, 'Familiar', 9.00, 0),
(368, 74, 2, 1, 'Familiar', 0.70, 0),
(369, 75, 1, 1, 'Pequena', 4.00, 0),
(370, 75, 6, 1, 'Pequena', 0.40, 0),
(371, 76, 1, 1, 'Pequena', 4.00, 0),
(372, 76, 20, 1, 'Pequena', 1.00, 0),
(373, 77, 1, 1, 'Familiar', 9.00, 0),
(374, 77, 20, 1, 'Familiar', 3.00, 0),
(375, 77, 5, 1, 'Familiar', 0.70, 0),
(376, 78, 1, 1, 'Mediana', 7.00, 0),
(377, 78, 18, 1, 'Mediana', 3.00, 0),
(378, 78, 2, 1, 'Mediana', 0.60, 0),
(379, 78, 27, 1, '', 3.00, 0),
(380, 79, 1, 1, 'Mediana', 7.00, 0),
(381, 79, 14, 1, 'Mediana', 1.50, 0),
(382, 80, 1, 1, 'Pequena', 4.00, 0),
(383, 80, 20, 1, 'Pequena', 1.00, 0),
(384, 81, 1, 1, 'Pequena', 4.00, 0),
(385, 81, 5, 1, 'Pequena', 0.40, 0),
(386, 82, 1, 1, 'Mediana', 7.00, 0),
(387, 82, 20, 1, 'Mediana', 2.00, 0),
(388, 82, 22, 1, 'Mediana', 2.00, 0),
(389, 82, 2, 1, 'Mediana', 0.60, 0),
(390, 83, 1, 1, 'Familiar', 9.00, 0),
(391, 83, 14, 1, 'Familiar', 2.00, 0),
(392, 83, 19, 1, 'Familiar', 3.00, 0),
(393, 84, 1, 1, 'Mediana', 7.00, 0),
(394, 84, 22, 1, 'Mediana', 2.00, 0),
(395, 85, 1, 1, 'Pequena', 4.00, 0),
(396, 85, 22, 1, 'Pequena', 1.00, 0),
(397, 86, 1, 1, 'Pequena', 4.00, 0),
(398, 86, 20, 1, 'Pequena', 1.00, 0),
(399, 87, 1, 1, 'Pequena', 4.00, 0),
(400, 87, 18, 1, 'Pequena', 2.00, 0),
(401, 88, 1, 1, 'Mediana', 7.00, 0),
(402, 88, 12, 1, 'Mediana', 0.70, 0),
(409, 89, 1, 1, 'Pequena', 4.00, 0),
(410, 89, 20, 1, 'Pequena', 1.00, 0),
(411, 89, 22, 1, 'Pequena', 1.00, 0),
(412, 89, 1, 1, 'Pequena', 4.00, 0),
(413, 89, 22, 1, 'Pequena', 1.00, 0),
(426, 92, 1, 1, 'Familiar', 9.00, 0),
(427, 92, 3, 1, 'Familiar', 0.70, 0),
(428, 92, 20, 1, 'Familiar', 3.00, 0),
(429, 92, 14, 1, 'Familiar', 2.00, 0),
(430, 92, 22, 1, 'Familiar', 3.00, 0),
(431, 92, 1, 1, 'Mediana', 7.00, 0),
(432, 92, 14, 1, 'Mediana', 1.50, 0),
(433, 92, 21, 1, 'Mediana', 3.00, 0),
(434, 92, 8, 1, 'Mediana', 0.70, 0),
(435, 92, 18, 1, 'Mediana', 3.00, 0),
(448, 94, 1, 1, 'Pequena', 4.00, 0),
(449, 94, 22, 1, 'Pequena', 1.00, 0),
(454, 95, 1, 1, 'Pequena', 4.00, 0),
(455, 95, 20, 1, 'Pequena', 1.00, 0),
(458, 97, 1, 1, 'Pequena', 4.00, 0),
(459, 97, 14, 1, 'Pequena', 1.00, 0),
(463, 99, 1, 1, 'Pequena', 4.00, 0),
(464, 99, 22, 1, 'Pequena', 1.00, 0),
(468, 102, 1, 1, 'Familiar', 9.00, 0),
(469, 102, 20, 1, 'Familiar', 3.00, 0),
(470, 102, 22, 1, 'Familiar', 3.00, 0),
(471, 103, 1, 1, 'Pequena', 4.00, 0),
(472, 103, 22, 1, 'Pequena', 1.00, 0),
(473, 103, 1, 1, 'Pequena', 4.00, 0),
(474, 103, 20, 1, 'Pequena', 1.00, 0),
(475, 104, 1, 1, 'Pequena', 4.00, 0),
(476, 104, 20, 1, 'Pequena', 1.00, 0),
(477, 104, 22, 1, 'Pequena', 1.00, 0),
(478, 105, 1, 1, 'Pequena', 4.00, 0),
(479, 105, 20, 1, 'Pequena', 1.00, 0),
(480, 105, 22, 1, 'Pequena', 1.00, 0),
(481, 105, 5, 1, 'Pequena', 0.40, 0),
(482, 106, 1, 1, 'Familiar', 9.00, 0),
(483, 106, 20, 1, 'Familiar', 3.00, 0),
(484, 106, 22, 1, 'Familiar', 3.00, 0),
(485, 106, 5, 1, 'Familiar', 0.70, 0),
(489, 106, 1, 1, 'Mediana', 7.00, 0),
(490, 106, 20, 1, 'Mediana', 2.00, 0),
(491, 106, 22, 1, 'Mediana', 2.00, 0),
(492, 107, 1, 1, 'Pequena', 4.00, 0),
(493, 107, 20, 1, 'Pequena', 1.00, 0),
(494, 107, 22, 1, 'Pequena', 1.00, 0),
(495, 107, 1, 1, 'Mediana', 7.00, 0),
(496, 107, 20, 1, 'Mediana', 2.00, 0),
(497, 108, 1, 1, 'Pequena', 4.00, 0),
(498, 108, 20, 1, 'Pequena', 1.00, 0),
(499, 108, 12, 1, 'Pequena', 0.50, 0),
(500, 108, 15, 1, 'Pequena', 1.00, 0),
(501, 109, 1, 1, 'Pequena', 4.00, 0),
(502, 109, 11, 1, 'Pequena', 0.50, 0),
(503, 109, 19, 1, 'Pequena', 1.00, 0),
(504, 109, 10, 1, 'Pequena', 0.50, 0),
(505, 106, 1, 1, 'Familiar', 9.00, 0),
(506, 106, 16, 1, 'Familiar', 2.00, 0),
(507, 106, 6, 1, 'Familiar', 0.70, 0),
(511, 110, 1, 1, 'Familiar', 9.00, 0),
(512, 110, 21, 1, 'Familiar', 4.00, 0),
(513, 110, 11, 1, 'Familiar', 1.00, 0),
(517, 111, 1, 1, 'Familiar', 9.00, 0),
(518, 111, 20, 1, 'Familiar', 3.00, 0),
(519, 111, 18, 1, 'Familiar', 4.00, 0),
(520, 111, 1, 1, 'Pequena', 4.00, 0),
(521, 111, 20, 1, 'Pequena', 1.00, 0),
(522, 111, 22, 1, 'Pequena', 1.00, 0),
(523, 110, 1, 1, 'Pequena', 4.00, 0),
(524, 110, 20, 1, 'Pequena', 1.00, 0),
(525, 110, 22, 1, 'Pequena', 1.00, 0),
(526, 110, 1, 1, 'Familiar', 9.00, 0),
(527, 110, 20, 1, 'Familiar', 3.00, 0),
(528, 110, 21, 1, 'Familiar', 4.00, 0),
(529, 110, 18, 1, 'Familiar', 4.00, 0),
(530, 110, 11, 1, 'Familiar', 1.00, 0),
(531, 111, 1, 1, 'Pequena', 4.00, 0),
(532, 111, 3, 1, 'Pequena', 0.40, 0),
(533, 111, 14, 1, 'Pequena', 1.00, 0),
(534, 111, 21, 1, 'Pequena', 2.00, 0),
(535, 112, 1, 1, 'Pequena', 4.00, 0),
(536, 112, 10, 1, 'Pequena', 0.50, 0),
(537, 112, 4, 1, 'Pequena', 0.40, 0),
(538, 112, 9, 1, 'Pequena', 0.50, 0),
(539, 112, 17, 1, 'Pequena', 1.00, 0),
(540, 112, 7, 1, 'Pequena', 0.40, 0),
(541, 112, 13, 1, 'Pequena', 0.50, 0),
(542, 112, 16, 1, 'Pequena', 1.50, 0),
(543, 112, 15, 1, 'Pequena', 1.00, 0),
(544, 112, 6, 1, 'Pequena', 0.40, 0),
(545, 112, 1, 1, 'Familiar', 9.00, 0),
(546, 112, 22, 1, 'Familiar', 3.00, 0),
(547, 112, 5, 1, 'Familiar', 0.70, 0),
(548, 112, 18, 1, 'Familiar', 4.00, 0),
(549, 113, 1, 1, 'Mediana', 7.00, 0),
(550, 113, 11, 1, 'Mediana', 0.70, 0),
(551, 113, 2, 1, 'Mediana', 0.60, 0),
(552, 113, 19, 1, 'Mediana', 2.00, 0),
(553, 113, 12, 1, 'Mediana', 0.70, 0),
(554, 113, 1, 1, 'Familiar', 9.00, 0),
(555, 113, 3, 1, 'Familiar', 0.70, 0),
(556, 113, 20, 1, 'Familiar', 3.00, 0),
(557, 113, 14, 1, 'Familiar', 2.00, 0),
(558, 113, 22, 1, 'Familiar', 3.00, 0),
(559, 113, 21, 1, 'Familiar', 4.00, 0),
(560, 113, 5, 1, 'Familiar', 0.70, 0),
(561, 113, 8, 1, 'Familiar', 1.00, 0),
(562, 113, 18, 1, 'Familiar', 4.00, 0),
(563, 113, 11, 1, 'Familiar', 1.00, 0),
(564, 113, 2, 1, 'Familiar', 0.70, 0),
(565, 113, 19, 1, 'Familiar', 3.00, 0),
(566, 113, 12, 1, 'Familiar', 1.00, 0),
(567, 113, 10, 1, 'Familiar', 1.00, 0),
(568, 113, 4, 1, 'Familiar', 0.70, 0),
(569, 113, 9, 1, 'Familiar', 1.00, 0),
(570, 113, 17, 1, 'Familiar', 2.00, 0),
(571, 113, 7, 1, 'Familiar', 0.70, 0),
(572, 113, 13, 1, 'Familiar', 1.00, 0),
(573, 113, 16, 1, 'Familiar', 2.00, 0),
(574, 113, 15, 1, 'Familiar', 2.00, 0),
(575, 113, 6, 1, 'Familiar', 0.70, 0),
(576, 113, 26, 1, '', 1.50, 0),
(577, 113, 24, 1, '', 2.50, 0),
(578, 113, 25, 1, '', 2.50, 0),
(579, 113, 27, 1, '', 3.00, 0),
(580, 114, 1, 1, 'Pequena', 4.00, 0),
(581, 114, 6, 1, 'Pequena', 0.40, 0),
(582, 115, 1, 1, 'Pequena', 4.00, 0),
(583, 115, 3, 1, 'Pequena', 0.40, 0),
(584, 115, 21, 1, 'Pequena', 2.00, 0),
(585, 115, 11, 1, 'Pequena', 0.50, 0),
(586, 115, 24, 1, '', 2.50, 0),
(587, 115, 1, 1, 'Pequena', 4.00, 0),
(588, 115, 18, 1, 'Pequena', 2.00, 0),
(589, 115, 2, 1, 'Pequena', 0.40, 0),
(590, 116, 1, 1, 'Pequena', 4.00, 0),
(591, 116, 7, 1, 'Pequena', 0.40, 0),
(592, 116, 13, 1, 'Pequena', 0.50, 0),
(593, 116, 16, 1, 'Pequena', 1.50, 0),
(594, 116, 15, 1, 'Pequena', 1.00, 0),
(595, 116, 6, 1, 'Pequena', 0.40, 0),
(596, 116, 26, 1, '', 1.50, 0),
(597, 116, 24, 1, '', 2.50, 0),
(598, 116, 27, 1, '', 3.00, 0),
(612, 118, 1, 1, 'Familiar', 9.00, 0),
(613, 118, 20, 1, 'Familiar', 3.00, 0),
(614, 118, 11, 1, 'Familiar', 1.00, 0),
(615, 118, 2, 1, 'Familiar', 0.70, 0),
(616, 118, 19, 1, 'Familiar', 3.00, 0),
(617, 118, 12, 1, 'Familiar', 1.00, 0),
(618, 118, 10, 1, 'Familiar', 1.00, 0),
(619, 118, 9, 1, 'Familiar', 1.00, 0),
(620, 118, 1, 1, 'Mediana', 7.00, 0),
(621, 118, 20, 1, 'Mediana', 2.00, 0),
(622, 118, 22, 1, 'Mediana', 2.00, 0),
(623, 116, 1, 1, 'Pequena', 4.00, 0),
(624, 116, 20, 1, 'Pequena', 1.00, 0),
(625, 116, 22, 1, 'Pequena', 1.00, 0),
(626, 116, 5, 1, 'Pequena', 0.40, 0),
(627, 116, 1, 1, 'Pequena', 4.00, 0),
(628, 116, 20, 1, 'Pequena', 1.00, 0),
(629, 116, 14, 1, 'Pequena', 1.00, 0),
(646, 117, 1, 1, 'Pequena', 4.00, 0),
(647, 117, 1, 1, 'Pequena', 4.00, 0),
(648, 117, 1, 1, 'Pequena', 4.00, 0),
(649, 117, 3, 1, 'Pequena', 0.40, 0),
(650, 117, 14, 1, 'Pequena', 1.00, 0),
(651, 117, 11, 1, 'Pequena', 0.50, 0),
(652, 117, 19, 1, 'Pequena', 1.00, 0),
(653, 117, 1, 1, 'Pequena', 4.00, 0),
(658, 119, 1, 1, 'Pequena', 4.00, 0),
(659, 119, 20, 1, 'Pequena', 1.00, 0),
(660, 119, 22, 1, 'Pequena', 1.00, 0),
(661, 119, 5, 1, 'Pequena', 0.40, 0),
(662, 119, 26, 1, '', 1.50, 0),
(663, 119, 24, 1, '', 2.50, 0),
(664, 119, 27, 1, '', 3.00, 0),
(665, 119, 1, 1, 'Familiar', 9.00, 0),
(666, 119, 16, 1, 'Familiar', 2.00, 0),
(667, 119, 15, 1, 'Familiar', 2.00, 0),
(668, 119, 6, 1, 'Familiar', 0.70, 0),
(669, 119, 1, 1, 'Pequena', 4.00, 0),
(670, 119, 20, 1, 'Pequena', 1.00, 0),
(671, 120, 1, 1, 'Mediana', 7.00, 0),
(672, 120, 3, 1, 'Mediana', 0.60, 0),
(673, 120, 27, 1, '', 3.00, 1),
(674, 121, 1, 1, 'Pequena', 4.00, 0),
(675, 121, 10, 1, 'Pequena', 0.50, 0),
(676, 121, 4, 1, 'Pequena', 0.40, 0),
(677, 121, 9, 1, 'Pequena', 0.50, 0),
(678, 121, 26, 1, '', 1.50, 0),
(679, 121, 24, 1, '', 2.50, 0),
(680, 121, 27, 1, '', 3.00, 0),
(701, 127, 1, 1, 'Pequena', 4.00, 0),
(702, 127, 20, 1, 'Pequena', 1.00, 0),
(703, 128, 1, 1, 'Pequena', 4.00, 0),
(704, 128, 18, 1, 'Pequena', 2.00, 0),
(705, 129, 1, 1, 'Pequena', 4.00, 0),
(706, 129, 18, 1, 'Pequena', 2.00, 0),
(707, 129, 2, 1, 'Pequena', 0.40, 0),
(708, 129, 12, 1, 'Pequena', 0.50, 0),
(709, 129, 4, 1, 'Pequena', 0.40, 0),
(710, 130, 1, 1, 'Familiar', 9.00, 0),
(711, 130, 18, 1, 'Familiar', 4.00, 0),
(712, 130, 11, 1, 'Familiar', 1.00, 0),
(713, 130, 2, 1, 'Familiar', 0.70, 0),
(714, 130, 19, 1, 'Familiar', 3.00, 0),
(715, 130, 10, 1, 'Familiar', 1.00, 0),
(716, 130, 24, 1, '', 2.50, 0),
(717, 131, 1, 1, 'Pequena', 4.00, 0),
(718, 131, 20, 1, 'Pequena', 1.00, 0),
(719, 131, 22, 1, 'Pequena', 1.00, 0),
(720, 132, 1, 1, 'Familiar', 9.00, 0),
(721, 132, 3, 1, 'Familiar', 0.70, 0),
(722, 132, 20, 1, 'Familiar', 3.00, 0),
(723, 132, 14, 1, 'Familiar', 2.00, 0),
(724, 132, 22, 1, 'Familiar', 3.00, 0),
(725, 132, 21, 1, 'Familiar', 4.00, 0),
(726, 132, 5, 1, 'Familiar', 0.70, 0),
(727, 132, 8, 1, 'Familiar', 1.00, 0),
(728, 132, 18, 1, 'Familiar', 4.00, 0),
(729, 132, 11, 1, 'Familiar', 1.00, 0),
(730, 132, 2, 1, 'Familiar', 0.70, 0),
(731, 132, 19, 1, 'Familiar', 3.00, 0),
(732, 132, 12, 1, 'Familiar', 1.00, 0),
(733, 132, 10, 1, 'Familiar', 1.00, 0),
(734, 132, 4, 1, 'Familiar', 0.70, 0),
(735, 132, 9, 1, 'Familiar', 1.00, 0),
(736, 132, 17, 1, 'Familiar', 2.00, 0),
(737, 132, 7, 1, 'Familiar', 0.70, 0),
(738, 132, 13, 1, 'Familiar', 1.00, 0),
(739, 132, 16, 1, 'Familiar', 2.00, 0),
(740, 132, 15, 1, 'Familiar', 2.00, 0),
(741, 132, 6, 1, 'Familiar', 0.70, 0),
(742, 132, 26, 1, '', 1.50, 0),
(743, 132, 24, 1, '', 2.50, 0),
(744, 132, 27, 1, '', 3.00, 0),
(745, 133, 1, 1, 'Pequena', 4.00, 0),
(746, 133, 16, 1, 'Pequena', 1.50, 0),
(747, 133, 15, 1, 'Pequena', 1.00, 0),
(748, 134, 1, 1, 'Pequena', 4.00, 0),
(749, 134, 7, 1, 'Pequena', 0.40, 0),
(750, 134, 16, 1, 'Pequena', 1.50, 0),
(751, 134, 24, 1, '', 2.50, 0),
(752, 135, 1, 1, 'Pequena', 4.00, 0),
(753, 135, 22, 1, 'Pequena', 1.00, 0),
(754, 135, 5, 1, 'Pequena', 0.40, 0),
(755, 135, 24, 1, '', 2.50, 0),
(756, 136, 1, 1, 'Pequena', 4.00, 0),
(757, 136, 9, 1, 'Pequena', 0.50, 0),
(758, 136, 17, 1, 'Pequena', 1.00, 0),
(759, 136, 7, 1, 'Pequena', 0.40, 0),
(760, 136, 13, 1, 'Pequena', 0.50, 0),
(761, 137, 1, 1, 'Pequena', 4.00, 0),
(762, 137, 9, 1, 'Pequena', 0.50, 0),
(763, 137, 17, 1, 'Pequena', 1.00, 0),
(764, 138, 1, 1, 'Familiar', 9.00, 0),
(765, 138, 20, 1, 'Familiar', 3.00, 0),
(766, 138, 14, 1, 'Familiar', 2.00, 0),
(767, 138, 22, 1, 'Familiar', 3.00, 0),
(775, 139, 1, 1, 'Pequena', 4.00, 0),
(776, 139, 1, 1, 'Familiar', 9.00, 0),
(777, 139, 5, 1, 'Familiar', 0.40, 0),
(778, 139, 18, 1, 'Familiar', 2.00, 0),
(779, 139, 16, 1, 'Familiar', 2.00, 0),
(780, 139, 15, 1, 'Familiar', 2.00, 0),
(781, 139, 6, 1, 'Familiar', 0.70, 0),
(782, 139, 24, 1, '', 2.50, 0),
(783, 139, 24, 1, '', 2.50, 0),
(784, 139, 24, 1, '', 2.50, 1),
(785, 140, 1, 1, 'Pequena', 4.00, 0),
(786, 140, 7, 1, 'Pequena', 0.40, 0),
(787, 140, 13, 1, 'Pequena', 0.50, 0),
(788, 140, 16, 1, 'Pequena', 1.50, 0),
(789, 140, 15, 1, 'Pequena', 1.00, 0),
(790, 140, 24, 1, '', 2.50, 0),
(791, 141, 1, 1, 'Familiar', 9.00, 0),
(792, 141, 20, 1, 'Familiar', 3.00, 0),
(793, 141, 22, 1, 'Familiar', 3.00, 0),
(794, 142, 1, 1, 'Pequena', 4.00, 0),
(795, 142, 20, 1, 'Pequena', 1.00, 0),
(796, 142, 22, 1, 'Pequena', 1.00, 0),
(797, 142, 24, 1, '', 2.50, 0),
(798, 143, 1, 1, 'Pequena', 4.00, 0),
(799, 143, 4, 1, 'Pequena', 0.40, 0),
(800, 143, 17, 1, 'Pequena', 1.00, 0),
(801, 143, 13, 1, 'Pequena', 0.50, 0);

-- --------------------------------------------------------

--
-- Estructura de tabla para la tabla `detalle_pago`
--

CREATE TABLE `detalle_pago` (
  `id` int(11) NOT NULL,
  `pago_id` int(11) NOT NULL,
  `tasa_id` int(11) DEFAULT NULL,
  `monto` decimal(10,2) NOT NULL
) ENGINE=InnoDB DEFAULT CHARSET=utf8mb4 COLLATE=utf8mb4_general_ci;

--
-- Volcado de datos para la tabla `detalle_pago`
--

INSERT INTO `detalle_pago` (`id`, `pago_id`, `tasa_id`, `monto`) VALUES
(1, 1, 1, 6.00),
(2, 2, 1, 1500.00),
(3, 3, 1, 7.60),
(4, 4, 1, 6.00),
(5, 5, 1, 2520.00),
(6, 6, 1, 4.00),
(7, 7, 1, 600.00),
(8, 8, 1, 2220.00),
(9, 9, 1, 3.00),
(10, 10, 1, 900.00),
(11, 11, 1, 16110.00),
(12, 12, 1, 25.00),
(13, 13, 1, 1320.00),
(14, 14, 1, 29.70),
(15, 15, 1, 30.00),
(16, 16, 1, 35.50),
(17, 17, 1, 5.00),
(18, 18, 1, 600.00),
(19, 19, 1, 5.00),
(20, 20, 1, 1860.00),
(21, 21, 1, 5130.00),
(22, 22, 2, 18.70),
(23, 23, 2, 8160.00),
(24, 24, 2, 6000.00),
(25, 25, 2, 6.25),
(26, 26, 2, 2500.00),
(27, 27, 2, 10.00),
(28, 28, 2, 800.00),
(29, 29, 2, 7.00),
(30, 30, 2, 160.00),
(31, 31, 2, 8.70),
(32, 32, 2, 2800.00),
(33, 33, 2, 1760.00);

-- --------------------------------------------------------

--
-- Estructura de tabla para la tabla `mesa`
--

CREATE TABLE `mesa` (
  `id` int(11) NOT NULL,
  `numero` int(11) NOT NULL,
  `capacidad` int(11) DEFAULT 2,
  `estado` enum('disponible','ocupada','reservada') DEFAULT 'disponible',
  `activo` tinyint(1) DEFAULT 1,
  `eliminado` tinyint(1) DEFAULT 0
) ENGINE=InnoDB DEFAULT CHARSET=utf8mb4 COLLATE=utf8mb4_general_ci;

--
-- Volcado de datos para la tabla `mesa`
--

INSERT INTO `mesa` (`id`, `numero`, `capacidad`, `estado`, `activo`, `eliminado`) VALUES
(1, 1, 2, 'ocupada', 1, 0),
(2, 2, 2, 'ocupada', 1, 0),
(3, 3, 2, 'disponible', 1, 0),
(4, 4, 6, 'ocupada', 1, 0),
(6, 5, 2, 'disponible', 0, 0),
(7, 6, 2, 'disponible', 0, 0),
(8, 7, 2, 'disponible', 0, 1);

-- --------------------------------------------------------

--
-- Estructura de tabla para la tabla `moneda`
--

CREATE TABLE `moneda` (
  `id` int(11) NOT NULL,
  `nombre` varchar(50) NOT NULL,
  `simbolo` varchar(10) NOT NULL
) ENGINE=InnoDB DEFAULT CHARSET=utf8mb4 COLLATE=utf8mb4_general_ci;

--
-- Volcado de datos para la tabla `moneda`
--

INSERT INTO `moneda` (`id`, `nombre`, `simbolo`) VALUES
(1, 'Dólar Americano', '$'),
(2, 'Bolívar', 'Bs');

-- --------------------------------------------------------

--
-- Estructura de tabla para la tabla `notificaciones`
--

CREATE TABLE `notificaciones` (
  `id` int(11) NOT NULL,
  `usuario_id` int(11) NOT NULL,
  `mensaje` text NOT NULL,
  `estado` enum('no_leido','leido') DEFAULT 'no_leido',
  `fecha_creacion` datetime DEFAULT current_timestamp()
) ENGINE=InnoDB DEFAULT CHARSET=utf8mb4 COLLATE=utf8mb4_general_ci;

--
-- Volcado de datos para la tabla `notificaciones`
--

INSERT INTO `notificaciones` (`id`, `usuario_id`, `mensaje`, `estado`, `fecha_creacion`) VALUES
(55, 2, '¡Pedido de jonny leon listo!', 'no_leido', '2026-03-11 14:01:54'),
(56, 2, '¡Pedido de Mesa #4 listo!', 'no_leido', '2026-03-11 14:01:54'),
(57, 2, '¡Pedido de Mesa #2 listo!', 'no_leido', '2026-03-11 14:01:54');

-- --------------------------------------------------------

--
-- Estructura de tabla para la tabla `pago`
--

CREATE TABLE `pago` (
  `id` int(11) NOT NULL,
  `comanda_id` int(11) NOT NULL,
  `tipo_pago_id` int(11) NOT NULL,
  `monto_total` decimal(10,2) NOT NULL,
  `referencia` varchar(50) DEFAULT NULL,
  `banco_origen` varchar(100) DEFAULT NULL,
  `moneda_pago` enum('USD','BS') DEFAULT 'USD',
  `fecha_pago` datetime DEFAULT current_timestamp(),
  `tasa_cambio` decimal(10,2) NOT NULL DEFAULT 0.00
) ENGINE=InnoDB DEFAULT CHARSET=utf8mb4 COLLATE=utf8mb4_general_ci;

--
-- Volcado de datos para la tabla `pago`
--

INSERT INTO `pago` (`id`, `comanda_id`, `tipo_pago_id`, `monto_total`, `referencia`, `banco_origen`, `moneda_pago`, `fecha_pago`, `tasa_cambio`) VALUES
(1, 43, 1, 6.00, NULL, NULL, 'USD', '2025-11-17 16:35:07', 0.00),
(2, 44, 1, 1500.00, NULL, NULL, 'BS', '2025-11-17 17:01:53', 0.00),
(3, 46, 1, 7.60, NULL, NULL, 'USD', '2025-11-17 17:02:10', 0.00),
(4, 47, 1, 6.00, NULL, NULL, 'USD', '2025-11-17 18:10:48', 0.00),
(5, 42, 2, 2520.00, NULL, NULL, 'BS', '2025-11-17 18:10:53', 0.00),
(6, 48, 3, 4.00, NULL, NULL, 'USD', '2025-11-17 18:11:22', 0.00),
(7, 48, 3, 600.00, NULL, NULL, 'BS', '2025-11-17 18:11:22', 0.00),
(8, 49, 4, 2220.00, NULL, NULL, 'BS', '2025-11-17 18:11:31', 0.00),
(9, 50, 3, 3.00, NULL, NULL, 'USD', '2025-11-19 18:22:43', 0.00),
(10, 50, 3, 900.00, NULL, NULL, 'BS', '2025-11-19 18:22:43', 0.00),
(11, 51, 2, 16110.00, NULL, NULL, 'BS', '2025-11-19 19:48:08', 0.00),
(12, 52, 3, 25.00, NULL, NULL, 'USD', '2025-11-20 07:50:19', 0.00),
(13, 52, 3, 1320.00, NULL, NULL, 'BS', '2025-11-20 07:50:19', 0.00),
(14, 53, 1, 29.70, NULL, NULL, 'USD', '2025-11-20 08:08:43', 0.00),
(15, 54, 1, 20.20, NULL, NULL, 'USD', '2025-11-20 08:23:49', 0.00),
(16, 55, 1, 35.50, NULL, NULL, 'USD', '2025-11-20 08:50:09', 0.00),
(17, 56, 3, 5.00, NULL, NULL, 'USD', '2025-11-23 17:42:21', 0.00),
(18, 56, 3, 600.00, NULL, NULL, 'BS', '2025-11-23 17:42:21', 0.00),
(19, 57, 3, 5.00, NULL, NULL, 'USD', '2025-11-23 17:53:26', 0.00),
(20, 57, 3, 1860.00, NULL, NULL, 'BS', '2025-11-23 17:53:26', 0.00),
(21, 58, 2, 5130.00, '1234', 'Banco de Venezuela', 'BS', '2026-01-19 17:33:12', 0.00),
(22, 61, 1, 18.70, NULL, NULL, 'USD', '2026-01-19 19:14:10', 0.00),
(23, 59, 5, 8160.00, '5696', 'Venezolano de Crédito', 'BS', '2026-01-19 19:14:25', 0.00),
(24, 60, 2, 6000.00, '9636', 'Banco de Venezuela', 'BS', '2026-01-19 19:15:03', 0.00),
(25, 62, 3, 6.25, NULL, NULL, 'USD', '2026-01-21 13:36:09', 0.00),
(26, 62, 3, 2500.00, '6396', 'Banco de Venezuela', 'BS', '2026-01-21 13:36:09', 0.00),
(27, 63, 3, 10.00, NULL, NULL, 'USD', '2026-01-21 13:56:18', 0.00),
(28, 63, 3, 800.00, NULL, NULL, 'BS', '2026-01-21 13:56:18', 0.00),
(29, 64, 3, 7.00, NULL, NULL, 'USD', '2026-01-21 13:57:35', 0.00),
(30, 64, 3, 160.00, '1234', 'BFC', 'BS', '2026-01-21 13:57:35', 0.00),
(31, 65, 3, 8.70, NULL, NULL, 'USD', '2026-01-21 14:38:52', 0.00),
(32, 65, 3, 2800.00, '2635', 'Provincial', 'BS', '2026-01-21 14:38:52', 0.00),
(33, 66, 2, 1760.00, '5698', '100% Banco', 'BS', '2026-01-21 14:39:25', 0.00),
(34, 67, 1, 5.00, NULL, NULL, 'USD', '2026-01-25 22:50:44', 500.00),
(35, 68, 3, 2.00, NULL, NULL, 'USD', '2026-01-25 23:09:37', 500.00),
(36, 68, 3, 1500.00, '5632', 'Banesco', 'BS', '2026-01-25 23:09:37', 500.00),
(37, 69, 4, 3750.00, NULL, NULL, 'BS', '2026-01-25 23:09:48', 500.00),
(38, 70, 2, 6500.00, '5647', 'Banco de Venezuela', 'BS', '2026-01-25 23:44:06', 500.00),
(39, 75, 3, 3.00, NULL, NULL, 'USD', '2026-01-26 17:29:47', 500.00),
(40, 75, 3, 700.00, '7984', 'Banco de Venezuela', 'BS', '2026-01-26 17:29:47', 500.00),
(41, 73, 2, 3000.00, '1565', 'BNC', 'BS', '2026-01-26 17:29:59', 500.00),
(42, 72, 5, 9850.00, '5714', 'BNC', 'BS', '2026-01-26 17:30:30', 500.00),
(43, 74, 4, 4850.00, NULL, NULL, 'BS', '2026-01-26 17:30:36', 500.00),
(44, 71, 1, 5.00, NULL, NULL, 'USD', '2026-01-26 17:30:43', 500.00),
(45, 76, 1, 5.00, NULL, NULL, 'USD', '2026-01-29 22:18:31', 520.00),
(46, 77, 2, 6604.00, '2563', 'Banco de Venezuela', 'BS', '2026-01-29 22:51:57', 520.00),
(47, 79, 1, 8.50, NULL, NULL, 'USD', '2026-01-29 22:54:23', 520.00),
(48, 78, 4, 7072.00, NULL, NULL, 'BS', '2026-01-29 22:54:28', 520.00),
(49, 83, 1, 14.00, NULL, NULL, 'USD', '2026-02-03 11:22:23', 520.00),
(50, 86, 1, 5.00, NULL, NULL, 'USD', '2026-02-03 11:22:31', 520.00),
(51, 80, 4, 2600.00, NULL, NULL, 'BS', '2026-02-03 11:22:38', 520.00),
(52, 82, 1, 11.60, NULL, NULL, 'USD', '2026-02-03 11:22:44', 520.00),
(53, 84, 2, 4680.00, '4788', 'Banesco', 'BS', '2026-02-03 11:22:53', 520.00),
(54, 85, 4, 2600.00, NULL, NULL, 'BS', '2026-02-03 11:23:00', 520.00),
(55, 87, 1, 6.00, NULL, NULL, 'USD', '2026-02-03 11:23:19', 520.00),
(56, 88, 1, 7.70, NULL, NULL, 'USD', '2026-02-03 11:23:26', 520.00),
(57, 81, 1, 4.40, NULL, NULL, 'USD', '2026-02-03 11:23:32', 520.00),
(58, 94, 4, 2600.00, NULL, NULL, 'BS', '2026-02-04 21:37:18', 520.00),
(59, 89, 1, 11.00, NULL, NULL, 'USD', '2026-02-04 21:37:26', 520.00),
(60, 92, 4, 17108.00, NULL, NULL, 'BS', '2026-02-04 21:37:34', 520.00),
(61, 105, 1, 6.40, NULL, NULL, 'USD', '2026-02-17 18:23:47', 460.00),
(62, 95, 1, 5.00, NULL, NULL, 'USD', '2026-02-17 18:23:53', 460.00),
(63, 97, 4, 2300.00, NULL, NULL, 'BS', '2026-02-17 18:24:02', 460.00),
(64, 99, 4, 2300.00, NULL, NULL, 'BS', '2026-02-17 18:24:07', 460.00),
(65, 102, 4, 6900.00, NULL, NULL, 'BS', '2026-02-17 18:24:11', 460.00),
(66, 103, 4, 4600.00, NULL, NULL, 'BS', '2026-02-17 18:24:15', 460.00),
(67, 104, 4, 2760.00, NULL, NULL, 'BS', '2026-02-17 18:24:19', 460.00),
(68, 107, 3, 11.96, NULL, NULL, 'USD', '2026-02-23 12:13:07', 460.00),
(69, 107, 3, 1400.00, '7894', 'Banco de Venezuela', 'BS', '2026-02-23 12:13:07', 460.00),
(70, 109, 1, 6.00, NULL, NULL, 'USD', '2026-02-23 12:13:12', 460.00),
(71, 110, 5, 18860.00, '7894', 'BNC', 'BS', '2026-02-23 12:13:21', 460.00),
(72, 111, 4, 13524.00, NULL, NULL, 'BS', '2026-02-23 12:13:28', 460.00),
(73, 113, 1, 64.70, NULL, NULL, 'USD', '2026-02-23 12:13:34', 460.00),
(74, 106, 4, 17664.00, NULL, NULL, 'BS', '2026-02-23 12:13:41', 460.00),
(75, 108, 4, 2990.00, NULL, NULL, 'BS', '2026-02-23 12:13:45', 460.00),
(76, 112, 4, 12374.00, NULL, NULL, 'BS', '2026-02-23 12:13:49', 460.00),
(77, 114, 3, 4.00, NULL, NULL, 'USD', '2026-02-24 20:44:39', 460.00),
(78, 114, 3, 184.00, '7896', 'Banco de Venezuela', 'BS', '2026-02-24 20:44:39', 460.00),
(79, 115, 3, 10.00, NULL, NULL, 'USD', '2026-02-25 13:44:19', 460.00),
(80, 115, 3, 2668.00, '8696', 'Banco de Venezuela', 'BS', '2026-02-25 13:44:19', 460.00),
(81, 119, 1, 32.10, NULL, NULL, 'USD', '2026-03-04 21:12:05', 460.00),
(82, 117, 4, 8694.00, NULL, NULL, 'BS', '2026-03-04 21:12:13', 460.00),
(83, 116, 1, 27.20, NULL, NULL, 'USD', '2026-03-04 21:12:18', 460.00),
(84, 118, 4, 14122.00, NULL, NULL, 'BS', '2026-03-04 21:12:25', 460.00),
(85, 121, 1, 12.40, NULL, NULL, 'USD', '2026-03-04 22:36:30', 460.00),
(86, 120, 4, 4876.00, NULL, NULL, 'BS', '2026-03-04 22:36:44', 460.00),
(87, 127, 1, 5.00, NULL, NULL, 'USD', '2026-03-08 19:45:43', 460.00),
(88, 128, 1, 6.00, NULL, NULL, 'USD', '2026-03-08 19:45:54', 460.00),
(89, 129, 4, 3358.00, NULL, NULL, 'BS', '2026-03-08 19:46:10', 460.00),
(90, 130, 5, 9752.00, '2525', 'Bancaribe', 'BS', '2026-03-08 19:47:17', 460.00),
(91, 135, 2, 3634.00, '5956', 'Banco de Venezuela', 'BS', '2026-03-08 20:36:42', 460.00),
(92, 136, 3, 5.00, NULL, NULL, 'USD', '2026-03-08 20:36:57', 460.00),
(93, 136, 3, 644.00, NULL, NULL, 'BS', '2026-03-08 20:36:57', 460.00),
(94, 137, 2, 2530.00, '6969', 'Provincial', 'BS', '2026-03-08 20:37:21', 460.00),
(95, 138, 4, 7820.00, NULL, NULL, 'BS', '2026-03-08 20:37:27', 460.00),
(96, 131, 4, 2760.00, NULL, NULL, 'BS', '2026-03-08 20:37:45', 460.00),
(97, 132, 1, 51.20, NULL, NULL, 'USD', '2026-03-08 20:37:51', 460.00),
(98, 133, 1, 6.50, NULL, NULL, 'USD', '2026-03-08 20:37:56', 460.00),
(99, 134, 4, 3864.00, NULL, NULL, 'BS', '2026-03-08 20:38:10', 460.00),
(100, 142, 4, 3910.00, NULL, NULL, 'BS', '2026-03-11 14:01:16', 460.00),
(101, 143, 1, 5.90, NULL, NULL, 'USD', '2026-03-11 15:27:09', 460.00);

-- --------------------------------------------------------

--
-- Estructura de tabla para la tabla `producto`
--

CREATE TABLE `producto` (
  `id` int(11) NOT NULL,
  `categoria_id` int(11) DEFAULT NULL,
  `nombre` varchar(100) NOT NULL,
  `descripcion` text DEFAULT NULL,
  `precio_pequena` decimal(10,2) NOT NULL,
  `precio_mediana` decimal(10,2) NOT NULL,
  `precio_familiar` decimal(10,2) NOT NULL,
  `estado` enum('activo','inactivo') DEFAULT 'activo'
) ENGINE=InnoDB DEFAULT CHARSET=utf8mb4 COLLATE=utf8mb4_general_ci;

--
-- Volcado de datos para la tabla `producto`
--

INSERT INTO `producto` (`id`, `categoria_id`, `nombre`, `descripcion`, `precio_pequena`, `precio_mediana`, `precio_familiar`, `estado`) VALUES
(1, 1, 'Pizza Base', NULL, 4.00, 7.00, 9.00, 'activo'),
(2, 2, 'Maiz', NULL, 0.40, 0.60, 0.70, 'activo'),
(3, 2, 'Aceitunas', NULL, 0.40, 0.60, 0.70, 'activo'),
(4, 2, 'Pimentón', NULL, 0.40, 0.60, 0.70, 'activo'),
(5, 2, 'Cebolla', NULL, 0.40, 0.60, 0.70, 'activo'),
(6, 2, 'Tomate', '', 0.40, 0.60, 0.70, 'activo'),
(7, 2, 'Rucula', NULL, 0.40, 0.60, 0.70, 'activo'),
(8, 2, 'Champiñón', 'alucinogenos', 0.50, 0.70, 1.00, 'activo'),
(9, 2, 'Piña', NULL, 0.50, 0.70, 1.00, 'activo'),
(10, 2, 'Pesto', NULL, 0.50, 0.70, 1.00, 'activo'),
(11, 2, 'Jamon', NULL, 0.50, 0.70, 1.00, 'activo'),
(12, 2, 'Peperone', NULL, 0.50, 0.70, 1.00, 'activo'),
(13, 2, 'Salchicha', NULL, 0.50, 0.70, 1.00, 'activo'),
(14, 2, 'Anchoas', '', 1.00, 1.50, 2.00, 'activo'),
(15, 2, 'Tocineta', NULL, 1.00, 1.50, 2.00, 'activo'),
(16, 2, 'Salchichon', NULL, 1.50, 2.00, 2.00, 'activo'),
(17, 2, 'Pollo', NULL, 1.00, 1.50, 2.00, 'activo'),
(18, 2, 'Doble Mozzarella', NULL, 2.00, 3.00, 4.00, 'activo'),
(19, 2, 'Pecorino', NULL, 1.00, 2.00, 3.00, 'activo'),
(20, 2, 'Amarillo', NULL, 1.00, 2.00, 3.00, 'activo'),
(21, 2, 'Burrata', NULL, 2.00, 3.00, 4.00, 'activo'),
(22, 2, 'Borde De Queso', NULL, 1.00, 2.00, 3.00, 'activo'),
(24, 3, 'Coca Cola 1lt', NULL, 2.50, 0.00, 0.00, 'activo'),
(25, 3, 'Fanta 1lt', NULL, 2.50, 0.00, 0.00, 'inactivo'),
(26, 3, 'Agua Mineral 1lt', '', 1.50, 0.00, 0.00, 'activo'),
(27, 3, 'Jugo de Naranja', NULL, 3.00, 0.00, 0.00, 'activo');

-- --------------------------------------------------------

--
-- Estructura de tabla para la tabla `rol`
--

CREATE TABLE `rol` (
  `id` int(11) NOT NULL,
  `nombre` varchar(50) NOT NULL
) ENGINE=InnoDB DEFAULT CHARSET=utf8mb4 COLLATE=utf8mb4_general_ci;

--
-- Volcado de datos para la tabla `rol`
--

INSERT INTO `rol` (`id`, `nombre`) VALUES
(1, 'admin'),
(2, 'mesero'),
(3, 'caja'),
(4, 'cocina');

-- --------------------------------------------------------

--
-- Estructura de tabla para la tabla `tasa`
--

CREATE TABLE `tasa` (
  `id` int(11) NOT NULL,
  `moneda_id` int(11) NOT NULL,
  `valor` decimal(10,2) NOT NULL,
  `fecha_actualizacion` datetime DEFAULT current_timestamp()
) ENGINE=InnoDB DEFAULT CHARSET=utf8mb4 COLLATE=utf8mb4_general_ci;

--
-- Volcado de datos para la tabla `tasa`
--

INSERT INTO `tasa` (`id`, `moneda_id`, `valor`, `fecha_actualizacion`) VALUES
(1, 1, 300.00, '2025-11-17 16:35:07'),
(2, 1, 400.00, '2026-01-19 19:14:10'),
(3, 1, 500.00, '2026-01-25 22:50:44');

-- --------------------------------------------------------

--
-- Estructura de tabla para la tabla `tasa_dolar`
--

CREATE TABLE `tasa_dolar` (
  `id` int(11) NOT NULL,
  `tasa` decimal(10,2) NOT NULL,
  `fecha` date NOT NULL,
  `fecha_actualizacion` timestamp NOT NULL DEFAULT current_timestamp()
) ENGINE=InnoDB DEFAULT CHARSET=utf8mb4 COLLATE=utf8mb4_general_ci;

--
-- Volcado de datos para la tabla `tasa_dolar`
--

INSERT INTO `tasa_dolar` (`id`, `tasa`, `fecha`, `fecha_actualizacion`) VALUES
(1, 238.00, '2025-11-16', '2025-11-16 00:29:27'),
(2, 500.00, '2025-11-15', '2025-11-16 00:39:05'),
(3, 300.00, '2025-11-17', '2025-11-17 11:46:27'),
(4, 400.00, '2026-01-19', '2026-01-19 21:53:35'),
(5, 500.00, '2026-01-21', '2026-01-21 18:40:24'),
(6, 520.00, '2026-01-26', '2026-01-26 21:31:44'),
(7, 460.00, '2026-02-11', '2026-02-11 18:32:25');

-- --------------------------------------------------------

--
-- Estructura de tabla para la tabla `tipo_pago`
--

CREATE TABLE `tipo_pago` (
  `id` int(11) NOT NULL,
  `nombre` varchar(50) NOT NULL,
  `descripcion` text DEFAULT NULL,
  `moneda_id` int(11) DEFAULT NULL
) ENGINE=InnoDB DEFAULT CHARSET=utf8mb4 COLLATE=utf8mb4_general_ci;

--
-- Volcado de datos para la tabla `tipo_pago`
--

INSERT INTO `tipo_pago` (`id`, `nombre`, `descripcion`, `moneda_id`) VALUES
(1, 'efectivo', 'Pago en efectivo', 1),
(2, 'Pago Móvil', NULL, 1),
(3, 'Pago Mixto', NULL, 1),
(4, 'Tarjeta', NULL, 1),
(5, 'Transferencia', NULL, 1);

-- --------------------------------------------------------

--
-- Estructura de tabla para la tabla `usuario`
--

CREATE TABLE `usuario` (
  `id` int(11) NOT NULL,
  `rol_id` int(11) NOT NULL,
  `nombre` varchar(100) NOT NULL,
  `usuario` varchar(50) NOT NULL,
  `contrasena` varchar(255) NOT NULL,
  `estado` enum('activo','inactivo') DEFAULT 'activo',
  `fecha_creacion` datetime DEFAULT current_timestamp()
) ENGINE=InnoDB DEFAULT CHARSET=utf8mb4 COLLATE=utf8mb4_general_ci;

--
-- Volcado de datos para la tabla `usuario`
--

INSERT INTO `usuario` (`id`, `rol_id`, `nombre`, `usuario`, `contrasena`, `estado`, `fecha_creacion`) VALUES
(1, 1, 'Administrador', 'admin', '$2y$10$PswpjzVTmnhQdKSuAa6F5e9RVCfb7FDPkU0pHxVOP85JmfQQx/fEW', 'activo', '2025-11-08 21:39:12'),
(2, 2, 'Pedro Mesero', 'mesero1', '$2y$10$SDpiVEFO6d2W3yS5lDVTtOKoOa.yffHi2tcmrVmxFTwOiARdNuave', 'activo', '2025-11-08 21:39:12'),
(3, 3, 'Laura Caja', 'caja1', '$2y$10$JEBxjME6bXgRs5Ypq.62MOTdQB7cHj1UABtvtX2WoY/tdH7gs.iG.', 'activo', '2025-11-08 21:39:12'),
(4, 4, 'Carlos Cocina', 'cocina1', '$2y$10$WDotIgRPdImRud6GMnTLvuyLpyyt.6bZaUARWDculnofMBV/fSpzG', 'activo', '2025-11-08 21:39:12'),
(5, 2, 'jonny leon', 'Jonny', '$2y$10$5I2.GwhSW0sR0WCoM412GukGGyX2SgdO8DTm0JA4ZaFJQ7IyFmQ9a', 'activo', '2025-11-22 09:56:57');

--
-- Índices para tablas volcadas
--

--
-- Indices de la tabla `categoria_producto`
--
ALTER TABLE `categoria_producto`
  ADD PRIMARY KEY (`id`);

--
-- Indices de la tabla `cliente`
--
ALTER TABLE `cliente`
  ADD PRIMARY KEY (`id`),
  ADD UNIQUE KEY `cedula` (`cedula`);

--
-- Indices de la tabla `comanda`
--
ALTER TABLE `comanda`
  ADD PRIMARY KEY (`id`),
  ADD KEY `usuario_id` (`usuario_id`),
  ADD KEY `cliente_id` (`cliente_id`),
  ADD KEY `mesa_id` (`mesa_id`);

--
-- Indices de la tabla `costos`
--
ALTER TABLE `costos`
  ADD PRIMARY KEY (`id`),
  ADD KEY `producto_id` (`producto_id`);

--
-- Indices de la tabla `detalle_comanda`
--
ALTER TABLE `detalle_comanda`
  ADD PRIMARY KEY (`id`),
  ADD KEY `comanda_id` (`comanda_id`),
  ADD KEY `producto_id` (`producto_id`);

--
-- Indices de la tabla `detalle_pago`
--
ALTER TABLE `detalle_pago`
  ADD PRIMARY KEY (`id`),
  ADD KEY `pago_id` (`pago_id`),
  ADD KEY `tasa_id` (`tasa_id`);

--
-- Indices de la tabla `mesa`
--
ALTER TABLE `mesa`
  ADD PRIMARY KEY (`id`);

--
-- Indices de la tabla `moneda`
--
ALTER TABLE `moneda`
  ADD PRIMARY KEY (`id`);

--
-- Indices de la tabla `notificaciones`
--
ALTER TABLE `notificaciones`
  ADD PRIMARY KEY (`id`),
  ADD KEY `usuario_id` (`usuario_id`);

--
-- Indices de la tabla `pago`
--
ALTER TABLE `pago`
  ADD PRIMARY KEY (`id`),
  ADD KEY `comanda_id` (`comanda_id`),
  ADD KEY `tipo_pago_id` (`tipo_pago_id`);

--
-- Indices de la tabla `producto`
--
ALTER TABLE `producto`
  ADD PRIMARY KEY (`id`),
  ADD KEY `categoria_id` (`categoria_id`);

--
-- Indices de la tabla `rol`
--
ALTER TABLE `rol`
  ADD PRIMARY KEY (`id`);

--
-- Indices de la tabla `tasa`
--
ALTER TABLE `tasa`
  ADD PRIMARY KEY (`id`),
  ADD KEY `moneda_id` (`moneda_id`);

--
-- Indices de la tabla `tasa_dolar`
--
ALTER TABLE `tasa_dolar`
  ADD PRIMARY KEY (`id`),
  ADD UNIQUE KEY `fecha` (`fecha`);

--
-- Indices de la tabla `tipo_pago`
--
ALTER TABLE `tipo_pago`
  ADD PRIMARY KEY (`id`),
  ADD KEY `moneda_id` (`moneda_id`);

--
-- Indices de la tabla `usuario`
--
ALTER TABLE `usuario`
  ADD PRIMARY KEY (`id`),
  ADD UNIQUE KEY `usuario` (`usuario`),
  ADD KEY `rol_id` (`rol_id`);

--
-- AUTO_INCREMENT de las tablas volcadas
--

--
-- AUTO_INCREMENT de la tabla `categoria_producto`
--
ALTER TABLE `categoria_producto`
  MODIFY `id` int(11) NOT NULL AUTO_INCREMENT, AUTO_INCREMENT=5;

--
-- AUTO_INCREMENT de la tabla `cliente`
--
ALTER TABLE `cliente`
  MODIFY `id` int(11) NOT NULL AUTO_INCREMENT, AUTO_INCREMENT=11;

--
-- AUTO_INCREMENT de la tabla `comanda`
--
ALTER TABLE `comanda`
  MODIFY `id` int(11) NOT NULL AUTO_INCREMENT, AUTO_INCREMENT=144;

--
-- AUTO_INCREMENT de la tabla `costos`
--
ALTER TABLE `costos`
  MODIFY `id` int(11) NOT NULL AUTO_INCREMENT;

--
-- AUTO_INCREMENT de la tabla `detalle_comanda`
--
ALTER TABLE `detalle_comanda`
  MODIFY `id` int(11) NOT NULL AUTO_INCREMENT, AUTO_INCREMENT=802;

--
-- AUTO_INCREMENT de la tabla `detalle_pago`
--
ALTER TABLE `detalle_pago`
  MODIFY `id` int(11) NOT NULL AUTO_INCREMENT, AUTO_INCREMENT=34;

--
-- AUTO_INCREMENT de la tabla `mesa`
--
ALTER TABLE `mesa`
  MODIFY `id` int(11) NOT NULL AUTO_INCREMENT, AUTO_INCREMENT=9;

--
-- AUTO_INCREMENT de la tabla `moneda`
--
ALTER TABLE `moneda`
  MODIFY `id` int(11) NOT NULL AUTO_INCREMENT, AUTO_INCREMENT=3;

--
-- AUTO_INCREMENT de la tabla `notificaciones`
--
ALTER TABLE `notificaciones`
  MODIFY `id` int(11) NOT NULL AUTO_INCREMENT, AUTO_INCREMENT=58;

--
-- AUTO_INCREMENT de la tabla `pago`
--
ALTER TABLE `pago`
  MODIFY `id` int(11) NOT NULL AUTO_INCREMENT, AUTO_INCREMENT=102;

--
-- AUTO_INCREMENT de la tabla `producto`
--
ALTER TABLE `producto`
  MODIFY `id` int(11) NOT NULL AUTO_INCREMENT, AUTO_INCREMENT=31;

--
-- AUTO_INCREMENT de la tabla `rol`
--
ALTER TABLE `rol`
  MODIFY `id` int(11) NOT NULL AUTO_INCREMENT, AUTO_INCREMENT=5;

--
-- AUTO_INCREMENT de la tabla `tasa`
--
ALTER TABLE `tasa`
  MODIFY `id` int(11) NOT NULL AUTO_INCREMENT, AUTO_INCREMENT=4;

--
-- AUTO_INCREMENT de la tabla `tasa_dolar`
--
ALTER TABLE `tasa_dolar`
  MODIFY `id` int(11) NOT NULL AUTO_INCREMENT, AUTO_INCREMENT=8;

--
-- AUTO_INCREMENT de la tabla `tipo_pago`
--
ALTER TABLE `tipo_pago`
  MODIFY `id` int(11) NOT NULL AUTO_INCREMENT, AUTO_INCREMENT=6;

--
-- AUTO_INCREMENT de la tabla `usuario`
--
ALTER TABLE `usuario`
  MODIFY `id` int(11) NOT NULL AUTO_INCREMENT, AUTO_INCREMENT=6;

--
-- Restricciones para tablas volcadas
--

--
-- Filtros para la tabla `comanda`
--
ALTER TABLE `comanda`
  ADD CONSTRAINT `comanda_ibfk_1` FOREIGN KEY (`usuario_id`) REFERENCES `usuario` (`id`),
  ADD CONSTRAINT `comanda_ibfk_2` FOREIGN KEY (`cliente_id`) REFERENCES `cliente` (`id`),
  ADD CONSTRAINT `comanda_ibfk_3` FOREIGN KEY (`mesa_id`) REFERENCES `mesa` (`id`);

--
-- Filtros para la tabla `costos`
--
ALTER TABLE `costos`
  ADD CONSTRAINT `costos_ibfk_1` FOREIGN KEY (`producto_id`) REFERENCES `producto` (`id`) ON DELETE SET NULL;

--
-- Filtros para la tabla `detalle_comanda`
--
ALTER TABLE `detalle_comanda`
  ADD CONSTRAINT `detalle_comanda_ibfk_1` FOREIGN KEY (`comanda_id`) REFERENCES `comanda` (`id`) ON DELETE CASCADE,
  ADD CONSTRAINT `detalle_comanda_ibfk_2` FOREIGN KEY (`producto_id`) REFERENCES `producto` (`id`);

--
-- Filtros para la tabla `detalle_pago`
--
ALTER TABLE `detalle_pago`
  ADD CONSTRAINT `detalle_pago_ibfk_1` FOREIGN KEY (`pago_id`) REFERENCES `pago` (`id`) ON DELETE CASCADE,
  ADD CONSTRAINT `detalle_pago_ibfk_2` FOREIGN KEY (`tasa_id`) REFERENCES `tasa` (`id`);

--
-- Filtros para la tabla `notificaciones`
--
ALTER TABLE `notificaciones`
  ADD CONSTRAINT `notificaciones_ibfk_1` FOREIGN KEY (`usuario_id`) REFERENCES `usuario` (`id`) ON DELETE CASCADE;

--
-- Filtros para la tabla `pago`
--
ALTER TABLE `pago`
  ADD CONSTRAINT `pago_ibfk_1` FOREIGN KEY (`comanda_id`) REFERENCES `comanda` (`id`),
  ADD CONSTRAINT `pago_ibfk_2` FOREIGN KEY (`tipo_pago_id`) REFERENCES `tipo_pago` (`id`);

--
-- Filtros para la tabla `producto`
--
ALTER TABLE `producto`
  ADD CONSTRAINT `producto_ibfk_1` FOREIGN KEY (`categoria_id`) REFERENCES `categoria_producto` (`id`);

--
-- Filtros para la tabla `tasa`
--
ALTER TABLE `tasa`
  ADD CONSTRAINT `tasa_ibfk_1` FOREIGN KEY (`moneda_id`) REFERENCES `moneda` (`id`);

--
-- Filtros para la tabla `tipo_pago`
--
ALTER TABLE `tipo_pago`
  ADD CONSTRAINT `tipo_pago_ibfk_1` FOREIGN KEY (`moneda_id`) REFERENCES `moneda` (`id`);

--
-- Filtros para la tabla `usuario`
--
ALTER TABLE `usuario`
  ADD CONSTRAINT `usuario_ibfk_1` FOREIGN KEY (`rol_id`) REFERENCES `rol` (`id`);
COMMIT;

/*!40101 SET CHARACTER_SET_CLIENT=@OLD_CHARACTER_SET_CLIENT */;
/*!40101 SET CHARACTER_SET_RESULTS=@OLD_CHARACTER_SET_RESULTS */;
/*!40101 SET COLLATION_CONNECTION=@OLD_COLLATION_CONNECTION */;
